Student_ID,Group_ID,Cleanliness,Noise
1,1,41,50
2,2,60,25
3,2,53,50
4,2,61,48
5,2,89,16
6,2,84,41
7,2,46,20
8,2,57,53
9,2,58,62
10,2,38,39
11,3,41,45
12,3,73,33
13,3,20,42
14,3,66,46
15,3,78,23
16,3,70,57
17,3,33,44
18,4,52,38
19,5,65,32
20,5,49,40
21,5,43,23
22,5,70,22
23,5,69,46
24,5,34,29
25,6,77,25
26,6,53,46
27,7,71,36
28,7,51,61
29,7,86,54
30,7,61,27
31,7,47,47
32,7,66,61
33,7,69,17
34,8,75,25
35,8,54,43
36,8,89,86
37,8,69,37
38,8,68,53
39,8,55,66
40,9,63,47
41,9,69,46
42,9,72,30
43,9,51,23
44,9,66,51
45,9,66,65
46,9,59,50
47,10,43,34
48,10,70,52
49,10,55,38
50,10,37,34
51,10,73,48
52,10,67,40
53,11,60,30
54,11,70,46
55,11,67,32
56,11,27,56
57,11,52,27
58,12,70,34
59,12,75,49
60,12,70,19
61,12,78,43
62,12,54,42
63,12,33,46
64,13,44,19
65,13,37,56
66,13,50,63
67,13,51,14
68,14,43,58
69,14,57,31
70,14,62,47
71,14,76,61
72,14,54,20
73,14,53,43
74,15,45,25
75,16,65,39
76,17,60,28
77,17,56,26
78,17,73,55
79,17,32,26
80,17,37,30
81,17,58,18
82,17,46,24
83,17,63,41
84,18,49,42
85,18,51,35
86,18,85,60
87,18,40,52
88,19,72,22
89,19,72,63
90,19,43,26
91,19,75,44
92,20,68,45
93,20,65,20
94,21,75,57
95,21,56,39
96,21,37,47
97,21,68,39
98,22,76,34
99,22,68,24
100,23,59,37
101,23,63,34
102,23,58,52
103,23,53,15
104,23,86,60
105,23,40,50
106,23,52,43
107,23,64,36
108,24,48,29
109,24,46,27
110,24,58,29
111,24,70,62
112,24,51,43
113,24,67,47
114,24,61,51
115,24,67,21
116,25,73,53
117,25,48,40
118,25,70,36
119,25,76,75
120,25,48,19
121,25,64,50
122,26,56,61
123,27,39,50
124,27,50,65
125,27,89,28
126,27,51,52
127,27,54,39
128,27,60,11
129,27,59,29
130,28,52,61
131,28,41,52
132,28,55,35
133,28,71,45
134,28,68,54
135,28,55,30
136,28,43,27
137,29,100,58
138,29,39,20
139,29,67,48
140,29,68,36
141,29,58,44
142,29,61,6
143,29,56,27
144,29,62,84
145,29,65,35
146,29,73,47
147,30,66,49
148,30,90,23
149,30,67,26
150,30,68,26
151,30,53,35
152,30,74,53
153,30,41,40
154,30,49,21
155,30,56,35
156,30,96,46
157,31,39,31
158,31,75,71
159,31,36,11
160,31,88,45
161,32,46,48
162,32,20,40
163,32,64,53
164,32,44,41
165,32,46,43
166,32,46,33
167,32,45,49
168,32,72,36
169,33,60,18
170,33,55,39
171,33,99,23
172,33,81,54
173,33,64,66
174,33,65,45
175,34,59,58
176,34,76,30
177,34,40,36
178,34,47,39
179,35,78,33
180,35,59,40
181,35,72,6
182,35,50,43
183,36,78,32
184,36,31,49
185,37,50,22
186,37,50,37
187,38,50,6
188,38,73,59
189,38,69,22
190,38,56,39
191,39,68,50
192,39,48,41
193,39,66,61
194,39,70,51
195,39,61,61
196,40,66,27
197,40,81,50
198,40,53,32
199,40,64,46
200,40,62,44
201,40,85,56
202,40,62,54
203,40,44,45
204,41,87,36
205,41,47,30
206,41,43,28
207,41,54,18
208,41,60,53
209,41,46,62
210,42,67,55
211,42,50,52
212,42,43,53
213,42,62,48
214,43,42,26
215,43,68,25
216,43,66,19
217,43,72,21
218,43,68,49
219,43,49,48
220,43,63,31
221,44,44,10
222,44,65,16
223,44,61,36
224,44,70,35
225,44,55,50
226,44,65,44
227,44,67,16
228,44,71,49
229,45,44,36
230,45,59,37
231,46,65,61
232,46,76,20
233,46,69,59
234,46,65,56
235,46,90,55
236,46,63,55
237,46,62,40
238,47,54,63
239,47,47,62
240,48,67,19
241,48,65,8
242,49,69,53
243,49,51,41
244,49,89,32
245,49,44,62
246,49,89,40
247,49,75,60
248,49,48,32
249,49,78,65
250,50,68,26
251,50,89,32
252,51,54,45
253,51,83,52
254,51,66,46
255,51,60,48
256,51,22,35
257,51,63,22
258,51,65,36
259,51,86,63
260,51,53,37
261,52,58,33
262,53,62,28
263,53,43,49
264,53,69,27
265,53,73,30
266,53,63,52
267,53,59,46
268,53,52,37
269,53,56,28
270,53,57,16
271,54,52,35
272,55,56,36
273,55,59,47
274,55,73,30
275,55,41,24
276,55,52,34
277,55,48,20
278,55,53,42
279,55,68,31
280,55,53,26
281,55,59,27
282,56,68,13
283,56,54,44
284,56,62,80
285,56,65,24
286,56,58,13
287,56,58,27
288,56,73,31
289,56,58,30
290,56,86,35
291,56,87,52
292,57,67,45
293,57,65,11
294,58,55,52
295,58,59,18
296,58,59,65
297,58,78,39
298,58,74,34
299,58,34,26
300,59,83,35
301,59,56,35
302,59,88,64
303,59,93,37
304,59,64,17
305,59,82,22
306,60,63,23
307,61,51,27
308,61,50,31
309,61,51,52
310,61,43,43
311,61,78,32
312,61,49,36
313,61,77,42
314,62,52,47
315,62,43,50
316,62,66,35
317,62,47,26
318,62,68,58
319,62,50,46
320,62,28,31
321,62,59,26
322,63,45,29
323,63,64,37
324,64,26,8
325,64,50,46
326,64,18,32
327,64,52,60
328,64,54,45
329,64,62,8
330,64,71,43
331,64,67,98
332,65,28,65
333,65,55,44
334,65,59,33
335,65,51,44
336,65,37,51
337,65,53,23
338,65,53,58
339,65,51,45
340,65,49,51
341,66,70,67
342,66,57,50
343,66,61,59
344,66,49,51
345,66,57,39
346,66,61,43
347,67,58,43
348,67,83,54
349,67,73,33
350,67,46,54
351,67,73,62
352,68,50,36
353,68,35,34
354,68,74,33
355,68,69,37
356,68,64,22
357,68,61,1
358,68,57,15
359,68,78,51
360,68,67,62
361,69,45,66
362,69,73,36
363,69,77,23
364,69,47,30
365,69,52,24
366,69,78,36
367,69,65,31
368,69,32,44
369,69,31,38
370,70,39,69
371,71,73,41
372,71,78,27
373,71,68,42
374,72,63,59
375,72,70,44
376,72,35,25
377,72,58,41
378,72,43,76
379,72,82,49
380,72,61,36
381,72,45,41
382,72,63,21
383,73,65,37
384,73,31,27
385,74,53,68
386,74,68,19
387,74,67,16
388,74,76,32
389,75,58,59
390,75,40,19
391,75,51,55
392,75,37,1
393,76,53,48
394,76,78,33
395,77,53,57
396,77,31,34
397,77,62,46
398,78,52,40
399,78,22,30
400,78,66,25
401,79,60,46
402,80,54,42
403,80,45,36
404,80,69,42
405,80,51,43
406,80,70,9
407,80,77,34
408,81,66,57
409,81,39,29
410,81,55,28
411,81,86,27
412,81,51,43
413,81,41,34
414,81,64,35
415,81,58,32
416,82,37,44
417,82,86,40
418,82,63,50
419,83,40,65
420,83,63,64
421,83,49,67
422,83,71,48
423,83,63,36
424,84,78,42
425,85,30,23
426,85,57,44
427,85,59,58
428,85,30,42
429,85,32,51
430,85,58,46
431,85,47,59
432,85,75,48
433,85,58,48
434,85,49,52
435,86,84,56
436,86,49,45
437,86,40,48
438,86,66,11
439,86,42,35
440,86,55,21
441,86,65,43
442,87,57,28
443,87,75,64
444,87,52,30
445,87,67,34
446,87,57,51
447,87,31,59
448,87,61,33
449,87,58,39
450,87,34,62
451,87,60,46
452,88,74,24
453,89,67,35
454,89,72,8
455,89,58,30
456,89,66,47
457,89,49,29
458,89,58,26
459,89,72,34
460,89,16,34
461,89,44,15
462,90,41,41
463,90,79,44
464,90,50,46
465,90,53,29
466,90,42,13
467,90,54,42
468,90,58,33
469,90,45,49
470,91,40,51
471,91,44,28
472,91,37,32
473,91,74,47
474,91,74,47
475,91,43,35
476,91,48,59
477,92,42,53
478,92,73,67
479,92,53,50
480,92,94,30
481,92,36,11
482,92,70,11
483,92,54,46
484,92,62,46
485,92,63,59
486,92,45,29
487,93,48,52
488,93,73,46
489,93,77,22
490,93,85,62
491,93,71,66
492,93,35,32
493,93,48,50
494,94,44,51
495,94,80,50
496,94,64,25
497,94,47,58
498,94,71,39
499,95,53,9
500,95,43,68
501,95,40,42
502,95,75,21
503,95,62,54
504,96,60,83
505,96,34,55
506,96,57,51
507,96,66,29
508,96,63,12
509,97,69,44
510,98,69,55
511,98,65,42
512,98,46,29
513,98,77,61
514,98,56,40
515,98,46,57
516,98,69,69
517,98,46,34
518,99,63,49
519,100,56,26
520,100,73,50
521,100,46,60
522,100,77,42
523,101,61,48
524,101,47,40
525,101,27,53
526,101,36,62
527,101,55,36
528,101,50,35
529,101,81,2
530,101,79,45
531,101,41,23
532,102,85,25
533,102,42,57
534,102,65,25
535,102,63,24
536,102,76,55
537,102,67,45
538,102,86,39
539,102,42,46
540,102,91,24
541,103,54,46
542,103,59,25
543,103,76,74
544,103,62,26
545,103,36,43
546,104,76,47
547,104,59,31
548,104,43,52
549,104,73,16
550,105,83,48
551,105,80,19
552,105,39,37
553,106,67,66
554,106,70,36
555,106,44,58
556,107,45,64
557,107,55,63
558,107,70,37
559,107,52,34
560,107,66,41
561,108,51,37
562,108,61,8
563,108,66,25
564,108,42,14
565,108,33,19
566,108,49,69
567,108,52,42
568,108,66,41
569,108,58,22
570,108,81,67
571,109,34,24
572,110,55,25
573,110,67,29
574,110,92,57
575,110,63,55
576,110,76,31
577,111,47,41
578,111,72,42
579,111,36,27
580,111,58,38
581,111,89,19
582,111,67,62
583,112,94,33
584,112,67,48
585,112,62,38
586,112,66,2
587,112,70,41
588,112,56,70
589,112,49,33
590,113,89,27
591,113,51,37
592,113,72,43
593,113,40,32
594,113,50,38
595,113,66,46
596,113,33,55
597,113,63,60
598,113,66,56
599,114,66,60
600,114,67,38
601,114,94,53
602,115,68,20
603,115,40,44
604,116,62,30
605,116,62,63
606,116,70,22
607,117,58,27
608,117,54,33
609,117,52,21
610,117,58,31
611,117,16,70
612,117,76,34
613,117,60,22
614,117,85,68
615,117,62,55
616,118,62,19
617,118,53,41
618,118,53,36
619,118,58,38
620,118,60,24
621,118,49,20
622,118,74,8
623,119,77,60
624,119,55,1
625,119,54,39
626,119,44,32
627,119,82,49
628,119,46,16
629,119,55,36
630,119,67,31
631,119,67,69
632,120,72,39
633,120,57,34
634,121,77,30
635,121,60,40
636,121,52,19
637,121,64,39
638,121,67,31
639,122,78,26
640,122,85,13
641,122,66,47
642,122,48,46
643,123,79,6
644,123,67,2
645,124,45,64
646,124,51,22
647,124,57,71
648,124,32,24
649,124,82,67
650,124,58,21
651,124,91,63
652,124,70,27
653,124,59,37
654,125,64,61
655,125,73,23
656,125,80,44
657,125,70,61
658,125,43,39
659,125,52,16
660,125,65,77
661,125,32,39
662,125,69,41
663,126,58,20
664,126,63,28
665,126,27,57
666,126,74,40
667,126,63,56
668,126,63,53
669,127,55,59
670,127,64,42
671,127,40,44
672,127,47,30
673,127,47,24
674,127,91,59
675,128,88,21
676,128,61,20
677,128,49,26
678,128,78,34
679,128,76,49
680,128,94,17
681,128,78,57
682,128,45,55
683,129,65,36
684,129,47,29
685,129,90,40
686,129,71,28
687,129,48,56
688,129,39,33
689,130,60,41
690,131,57,45
691,131,70,51
692,131,45,35
693,131,77,53
694,132,39,45
695,132,30,40
696,132,88,25
697,132,47,51
698,132,36,30
699,132,68,30
700,132,56,51
701,133,66,44
702,133,54,45
703,134,58,46
704,134,52,37
705,134,45,39
706,134,47,23
707,134,63,43
708,134,71,33
709,134,66,48
710,134,66,27
711,134,62,45
712,135,60,8
713,135,62,73
714,135,54,29
715,135,65,44
716,135,77,21
717,135,70,48
718,135,57,45
719,135,75,53
720,136,42,52
721,136,59,41
722,136,61,37
723,136,77,38
724,136,43,34
725,136,62,58
726,136,69,27
727,136,97,43
728,137,79,37
729,137,68,52
730,137,78,55
731,137,73,35
732,137,51,44
733,137,73,36
734,137,75,61
735,138,46,27
736,138,57,44
737,138,52,60
738,138,66,40
739,139,38,20
740,139,64,8
741,140,75,37
742,140,100,74
743,140,57,38
744,141,74,65
745,141,35,13
746,141,50,48
747,141,67,56
748,141,42,5
749,141,72,27
750,142,29,42
751,142,71,38
752,142,53,37
753,142,54,19
754,142,49,47
755,143,64,42
756,143,45,37
757,143,27,42
758,143,81,17
759,143,51,44
760,143,78,33
761,143,49,10
762,143,61,70
763,144,64,39
764,144,64,39
765,144,47,52
766,144,63,40
767,144,45,59
768,144,69,31
769,145,75,32
770,145,48,28
771,145,33,47
772,145,32,21
773,145,28,38
774,145,57,35
775,146,44,22
776,147,66,31
777,147,64,26
778,147,62,59
779,147,68,33
780,148,63,36
781,148,60,35
782,148,57,43
783,148,45,24
784,148,39,15
785,149,41,42
786,149,46,47
787,149,60,10
788,150,69,52
789,150,45,46
790,150,47,41
791,150,41,13
792,150,54,38
793,150,54,22
794,150,54,44
795,150,59,42
796,150,49,57
797,151,42,47
798,152,77,47
799,152,56,32
800,152,75,18
801,152,45,34
802,152,78,45
803,152,45,35
804,153,50,29
805,153,74,19
806,153,84,52
807,153,76,33
808,153,57,18
809,153,52,47
810,154,79,23
811,154,54,37
812,154,39,48
813,154,49,37
814,154,53,28
815,154,59,36
816,154,54,29
817,154,64,64
818,154,62,54
819,154,39,42
820,155,43,17
821,155,48,57
822,155,74,43
823,155,37,37
824,155,64,42
825,156,32,26
826,156,59,48
827,156,27,37
828,156,62,52
829,156,70,48
830,157,48,11
831,157,54,55
832,157,80,50
833,157,66,45
834,157,51,38
835,157,85,25
836,157,84,35
837,157,79,18
838,157,68,28
839,157,38,43
840,158,75,27
841,158,37,38
842,158,58,48
843,158,74,39
844,158,87,43
845,159,54,15
846,159,56,34
847,159,74,46
848,159,42,42
849,159,70,62
850,159,73,51
851,160,60,45
852,160,78,20
853,160,54,28
854,160,65,58
855,160,51,4
856,160,53,53
857,160,68,46
858,160,55,20
859,161,67,27
860,161,92,48
861,162,51,30
862,162,58,36
863,162,76,42
864,162,49,68
865,162,60,51
866,162,50,45
867,163,64,11
868,164,90,59
869,164,54,23
870,164,65,41
871,164,65,42
872,165,67,61
873,165,68,24
874,165,80,64
875,165,100,23
876,165,63,8
877,165,68,31
878,165,88,28
879,165,34,32
880,165,30,51
881,165,29,40
882,166,28,35
883,166,84,45
884,166,47,39
885,167,60,47
886,167,39,48
887,167,19,30
888,167,52,49
889,167,60,18
890,167,45,42
891,167,58,31
892,167,52,50
893,167,52,38
894,168,92,18
895,168,32,51
896,168,49,35
897,169,48,36
898,169,83,52
899,169,72,18
900,169,42,1
901,169,47,54
902,169,67,36
903,170,59,29
904,171,63,51
905,171,35,44
906,171,73,33
907,171,70,82
908,171,58,45
909,171,48,42
910,172,66,42
911,172,44,43
912,172,81,46
913,172,74,36
914,173,71,44
915,173,45,44
916,173,45,30
917,173,62,44
918,173,42,55
919,173,68,29
920,173,36,37
921,173,53,41
922,174,54,9
923,174,54,35
924,174,69,29
925,174,85,11
926,174,79,36
927,174,72,41
928,174,77,34
929,174,43,61
930,174,58,43
931,175,78,24
932,175,68,31
933,175,58,41
934,175,37,28
935,176,80,53
936,176,59,43
937,176,55,60
938,176,56,43
939,176,77,28
940,176,83,17
941,176,84,34
942,176,56,11
943,176,53,24
944,176,50,37
945,177,74,43
946,177,64,23
947,177,46,66
948,177,48,64
949,177,56,40
950,177,76,59
951,177,58,34
952,177,59,45
953,177,73,40
954,177,69,64
955,178,65,44
956,178,37,1
957,178,65,38
958,178,52,43
959,178,59,56
960,178,61,28
961,179,74,36
962,180,67,32
963,180,50,41
964,180,60,47
965,180,55,12
966,181,53,51
967,181,55,36
968,181,74,29
969,181,36,37
970,181,52,25
971,181,57,47
972,181,59,44
973,182,87,34
974,183,64,32
975,183,47,31
976,183,52,45
977,183,95,29
978,183,53,39
979,183,65,43
980,183,79,3
981,183,24,32
982,184,76,16
983,184,14,48
984,184,63,23
985,184,45,25
986,184,61,30
987,184,67,1
988,184,47,23
989,184,56,31
990,184,71,12
991,184,60,48
992,185,87,32
993,185,64,12
994,185,24,52
995,185,59,57
996,185,39,47
997,185,88,46
998,186,64,40
999,186,36,60
1000,186,50,47
1001,186,36,22
1002,186,81,34
1003,187,81,38
1004,187,32,53
1005,187,51,50
1006,187,60,16
1007,187,62,72
1008,187,67,39
1009,187,76,43
1010,187,63,23
1011,187,63,55
1012,187,47,61
1013,188,58,26
1014,188,74,35
1015,188,71,35
1016,188,59,47
1017,188,64,10
1018,188,43,53
1019,188,58,32
1020,188,39,23
1021,188,29,38
1022,189,51,25
1023,189,58,45
1024,190,91,17
1025,190,77,54
1026,190,48,43
1027,190,53,42
1028,190,82,49
1029,191,67,33
1030,191,37,36
1031,191,78,17
1032,191,44,41
1033,191,45,28
1034,191,53,19
1035,192,45,50
1036,192,40,16
1037,192,50,50
1038,192,57,33
1039,192,60,13
1040,192,67,45
1041,192,53,55
1042,193,43,56
1043,193,62,34
1044,193,59,38
1045,193,78,23
1046,193,48,55
1047,194,51,53
1048,194,85,33
1049,194,70,22
1050,194,71,42
1051,194,67,30
1052,194,35,47
1053,194,29,35
1054,194,74,42
1055,194,89,55
1056,195,50,40
1057,196,59,16
1058,196,45,31
1059,196,29,40
1060,196,56,14
1061,196,66,50
1062,196,63,35
1063,196,68,50
1064,197,64,27
1065,197,64,57
1066,197,51,71
1067,197,52,40
1068,197,49,43
1069,197,33,31
1070,197,43,42
1071,197,74,49
1072,197,24,70
1073,197,64,28
1074,198,62,42
1075,198,49,42
1076,198,50,33
1077,198,49,18
1078,198,62,48
1079,198,67,52
1080,198,64,32
1081,199,72,19
1082,199,46,25
1083,199,76,54
1084,199,67,56
1085,200,46,45
1086,200,58,52
1087,200,58,34
1088,200,68,53
1089,200,49,39
1090,200,44,2
1091,200,63,49
1092,200,63,10
1093,200,54,6
1094,201,80,23
1095,201,78,54
1096,201,46,23
1097,201,65,27
1098,201,61,32
1099,202,33,6
1100,202,63,31
1101,202,51,50
1102,202,77,35
1103,203,54,47
1104,203,39,43
1105,203,68,50
1106,203,30,28
1107,203,46,41
1108,203,67,62
1109,203,52,32
1110,204,77,44
1111,204,79,44
1112,204,42,20
1113,204,36,49
1114,205,77,67
1115,205,72,57
1116,205,51,22
1117,206,72,46
1118,206,61,45
1119,206,64,59
1120,206,79,48
1121,206,72,47
1122,206,53,51
1123,206,39,55
1124,206,42,44
1125,206,47,48
1126,207,59,16
1127,207,66,31
1128,207,73,40
1129,207,65,25
1130,207,51,33
1131,207,72,65
1132,207,47,56
1133,207,27,22
1134,208,45,19
1135,209,36,46
1136,209,56,45
1137,209,70,43
1138,209,69,38
1139,209,42,55
1140,209,51,25
1141,209,57,26
1142,210,53,45
1143,210,65,26
1144,210,52,56
1145,210,67,71
1146,210,77,57
1147,210,39,51
1148,210,59,31
1149,210,62,54
1150,210,67,26
1151,211,71,30
1152,211,63,35
1153,211,56,51
1154,211,44,69
1155,211,32,31
1156,211,65,48
1157,211,58,39
1158,211,66,36
1159,212,80,52
1160,212,73,25
1161,212,58,35
1162,212,44,45
1163,212,51,49
1164,212,43,65
1165,212,46,43
1166,212,71,31
1167,213,72,21
1168,213,81,40
1169,213,51,35
1170,213,72,31
1171,213,48,36
1172,213,42,67
1173,214,51,52
1174,214,63,25
1175,214,59,51
1176,214,57,57
1177,215,75,53
1178,215,53,23
1179,215,50,42
1180,215,68,7
1181,215,59,42
1182,215,55,59
1183,215,66,59
1184,215,56,54
1185,216,84,59
1186,216,43,36
1187,216,54,47
1188,217,70,27
1189,217,61,9
1190,217,81,32
1191,217,60,35
1192,217,77,1
1193,217,59,38
1194,217,53,65
1195,217,46,51
1196,217,65,58
1197,218,49,29
1198,218,76,46
1199,219,36,31
1200,219,65,52
1201,220,49,1
1202,220,67,21
1203,220,29,1
1204,220,72,41
1205,220,56,60
1206,220,69,64
1207,220,39,39
1208,221,35,36
1209,221,56,49
1210,221,60,49
1211,221,70,72
1212,221,55,25
1213,221,63,27
1214,221,82,35
1215,221,51,32
1216,221,70,37
1217,221,50,64
1218,222,47,40
1219,222,69,15
1220,222,67,24
1221,222,72,25
1222,223,70,56
1223,223,72,43
1224,223,56,31
1225,223,82,29
1226,223,44,49
1227,223,48,25
1228,223,38,32
1229,223,58,43
1230,223,74,47
1231,223,57,37
1232,224,67,59
1233,224,61,32
1234,224,45,18
1235,224,69,48
1236,224,68,38
1237,224,81,32
1238,224,74,39
1239,224,50,48
1240,225,66,45
1241,225,61,39
1242,225,95,57
1243,225,70,41
1244,225,75,47
1245,225,60,35
1246,225,58,1
1247,225,63,32
1248,225,83,40
1249,226,42,39
1250,226,44,47
1251,226,64,54
1252,226,48,40
1253,226,39,50
1254,226,67,47
1255,226,60,46
1256,227,84,35
1257,227,62,23
1258,227,46,41
1259,227,76,36
1260,227,56,33
1261,228,51,44
1262,228,37,59
1263,228,50,50
1264,228,40,50
1265,228,70,45
1266,228,45,43
1267,228,42,36
1268,228,75,51
1269,229,60,25
1270,229,69,40
1271,229,25,51
1272,229,59,58
1273,230,43,1
1274,230,64,44
1275,231,34,25
1276,231,100,35
1277,231,70,30
1278,231,28,37
1279,231,56,34
1280,231,58,43
1281,232,57,21
1282,232,67,10
1283,232,29,51
1284,232,67,39
1285,232,39,29
1286,232,56,16
1287,232,48,49
1288,232,81,33
1289,232,71,11
1290,233,69,27
1291,234,64,36
1292,234,79,26
1293,234,69,35
1294,234,57,37
1295,234,47,39
1296,234,59,43
1297,234,61,51
1298,234,73,24
1299,234,73,22
1300,234,68,49
1301,235,31,41
1302,235,52,28
1303,235,80,30
1304,235,47,41
1305,235,70,37
1306,235,77,47
1307,235,27,32
1308,236,51,47
1309,236,20,78
1310,236,67,42
1311,236,77,75
1312,236,73,54
1313,236,61,37
1314,236,52,27
1315,236,49,19
1316,236,58,14
1317,236,62,39
1318,237,62,32
1319,237,100,60
1320,237,41,43
1321,237,50,24
1322,237,39,46
1323,237,49,54
1324,237,74,60
1325,237,47,47
1326,237,69,32
1327,238,48,64
1328,238,63,49
1329,238,47,21
1330,238,51,38
1331,238,44,39
1332,238,34,23
1333,238,70,49
1334,238,54,24
1335,238,44,34
1336,238,69,53
1337,239,52,22
1338,239,64,27
1339,239,52,59
1340,239,72,42
1341,239,40,43
1342,239,75,34
1343,239,80,59
1344,239,84,44
1345,239,68,61
1346,240,66,32
1347,240,53,43
1348,240,40,37
1349,240,76,7
1350,240,83,56
1351,240,53,48
1352,240,60,58
1353,240,74,18
1354,240,68,36
1355,240,61,29
1356,241,86,55
1357,241,48,19
1358,241,54,46
1359,242,63,58
1360,242,71,54
1361,242,64,19
1362,242,57,55
1363,242,59,47
1364,243,55,24
1365,243,58,44
1366,243,50,36
1367,243,45,56
1368,243,55,61
1369,243,82,38
1370,243,44,8
1371,243,37,19
1372,244,80,41
1373,244,65,6
1374,244,42,53
1375,244,64,37
1376,244,68,64
1377,244,56,41
1378,244,62,75
1379,244,28,50
1380,245,58,48
1381,245,50,39
1382,245,70,86
1383,245,72,27
1384,246,53,33
1385,247,33,35
1386,248,70,20
1387,248,75,47
1388,248,48,37
1389,248,83,51
1390,249,60,36
1391,249,61,32
1392,249,28,70
1393,249,62,45
1394,249,59,28
1395,249,57,16
1396,250,94,21
1397,250,44,33
1398,250,79,40
1399,250,41,58
1400,250,70,48
1401,250,70,75
1402,250,92,29
1403,250,84,45
1404,251,67,14
1405,251,57,27
1406,251,72,56
1407,251,28,39
1408,251,76,37
1409,251,70,45
1410,252,65,35
1411,252,41,23
1412,252,70,40
1413,252,57,33
1414,252,55,55
1415,252,54,19
1416,252,71,36
1417,252,60,64
1418,252,59,44
1419,253,42,36
1420,253,69,16
1421,253,63,41
1422,253,60,55
1423,253,65,62
1424,253,45,42
1425,253,61,23
1426,253,74,74
1427,253,59,47
1428,254,61,29
1429,254,32,29
1430,255,39,65
1431,255,58,34
1432,255,73,23
1433,255,48,41
1434,255,75,47
1435,255,63,41
1436,255,66,43
1437,255,44,40
1438,255,43,41
1439,255,52,78
1440,256,59,18
1441,257,57,47
1442,257,85,31
1443,258,36,52
1444,258,39,33
1445,258,56,38
1446,258,70,29
1447,258,55,39
1448,259,62,41
1449,259,66,52
1450,259,65,46
1451,259,36,40
1452,260,67,50
1453,260,49,30
1454,260,51,48
1455,260,75,33
1456,261,73,41
1457,261,58,36
1458,261,71,44
1459,261,94,27
1460,261,67,32
1461,261,46,39
1462,261,62,83
1463,261,57,23
1464,261,64,8
1465,262,58,40
1466,262,71,54
1467,262,52,37
1468,262,48,23
1469,262,64,20
1470,262,53,25
1471,262,68,67
1472,262,40,12
1473,263,58,40
1474,263,63,33
1475,263,56,45
1476,263,75,10
1477,263,54,43
1478,263,46,65
1479,264,50,39
1480,265,68,31
1481,265,32,33
1482,266,75,34
1483,266,47,53
1484,266,55,32
1485,266,62,51
1486,266,95,52
1487,266,77,32
1488,267,44,40
1489,267,61,23
1490,268,57,45
1491,268,65,47
1492,268,64,32
1493,268,52,22
1494,268,86,40
1495,268,56,26
1496,268,100,23
1497,268,53,46
1498,268,69,54
1499,268,87,47
1500,269,44,36
1501,269,64,71
1502,269,39,58
1503,269,62,52
1504,269,58,27
1505,270,71,49
1506,270,74,39
1507,270,51,16
1508,270,72,46
1509,270,45,31
1510,271,52,17
1511,271,47,22
1512,271,53,28
1513,271,35,70
1514,271,78,28
1515,271,64,46
1516,272,77,27
1517,272,76,31
1518,272,39,50
1519,272,79,78
1520,272,42,50
1521,272,53,51
1522,273,37,21
1523,273,48,41
1524,273,50,49
1525,273,75,48
1526,273,84,46
1527,273,41,60
1528,274,50,53
1529,274,83,46
1530,275,37,26
1531,275,79,37
1532,275,61,51
1533,275,70,44
1534,275,56,35
1535,275,72,48
1536,275,56,56
1537,275,58,27
1538,275,48,25
1539,275,55,58
1540,276,47,42
1541,276,50,36
1542,276,37,36
1543,277,57,48
1544,277,63,22
1545,277,76,43
1546,277,62,39
1547,277,52,43
1548,277,67,13
1549,278,51,36
1550,278,63,57
1551,278,48,32
1552,278,52,27
1553,278,54,51
1554,278,44,46
1555,278,34,31
1556,278,55,65
1557,279,55,6
1558,280,30,40
1559,281,69,45
1560,281,62,57
1561,282,51,53
1562,282,35,26
1563,282,32,35
1564,282,59,41
1565,282,60,26
1566,282,57,17
1567,283,80,35
1568,283,52,63
1569,283,41,23
1570,283,43,38
1571,283,66,51
1572,283,98,6
1573,283,69,31
1574,283,51,30
1575,283,46,65
1576,284,72,40
1577,284,80,17
1578,284,40,7
1579,284,49,42
1580,285,61,42
1581,285,38,52
1582,285,63,50
1583,286,31,44
1584,286,42,34
1585,286,68,41
1586,286,47,40
1587,286,37,57
1588,286,56,56
1589,286,52,32
1590,286,48,53
1591,287,49,49
1592,287,54,10
1593,287,51,22
1594,287,60,22
1595,287,73,38
1596,287,57,49
1597,287,74,39
1598,287,48,13
1599,287,49,30
1600,287,61,34
1601,288,70,30
1602,288,59,57
1603,288,65,39
1604,288,50,30
1605,288,47,31
1606,288,71,36
1607,288,39,66
1608,288,64,18
1609,288,53,41
1610,289,85,23
1611,289,74,60
1612,289,50,35
1613,289,44,36
1614,289,59,49
1615,290,76,28
1616,290,30,39
1617,290,64,43
1618,290,55,41
1619,290,82,45
1620,290,54,32
1621,290,57,64
1622,290,57,39
1623,290,52,56
1624,291,89,46
1625,291,61,40
1626,292,24,51
1627,292,62,46
1628,292,49,34
1629,293,53,55
1630,293,54,71
1631,293,66,20
1632,293,58,30
1633,293,27,63
1634,293,70,47
1635,293,62,19
1636,294,52,52
1637,294,44,2
1638,294,56,37
1639,294,62,50
1640,294,69,43
1641,294,77,17
1642,294,67,49
1643,295,41,17
1644,295,48,30
1645,295,71,30
1646,295,47,30
1647,295,76,40
1648,295,57,38
1649,296,79,28
1650,296,79,43
1651,296,57,77
1652,296,44,34
1653,296,41,54
1654,296,85,65
1655,297,78,37
1656,297,54,14
1657,298,90,47
1658,298,52,59
1659,298,45,46
1660,298,57,49
1661,298,59,18
1662,298,61,55
1663,298,59,51
1664,298,44,39
1665,298,50,51
1666,298,60,50
1667,299,76,50
1668,299,64,25
1669,299,59,32
1670,299,54,34
1671,299,45,10
1672,299,49,42
1673,300,39,40
1674,300,88,55
1675,300,84,45
1676,300,77,29
1677,301,50,1
1678,301,77,63
1679,301,51,36
1680,302,48,45
1681,302,76,13
1682,303,66,35
1683,304,61,46
1684,304,57,38
1685,304,56,54
1686,304,66,43
1687,304,40,34
1688,305,73,40
1689,305,69,66
1690,306,75,41
1691,306,52,1
1692,307,57,35
1693,307,65,37
1694,307,55,13
1695,307,45,47
1696,307,85,38
1697,307,64,54
1698,307,47,45
1699,308,48,52
1700,308,62,44
1701,308,48,50
1702,308,91,24
1703,308,54,43
1704,308,71,31
1705,308,17,60
1706,308,71,13
1707,309,50,63
1708,309,81,54
1709,309,57,41
1710,309,58,56
1711,309,46,27
1712,309,75,39
1713,309,80,29
1714,309,59,26
1715,309,60,17
1716,309,52,18
1717,310,70,50
1718,310,34,60
1719,310,97,40
1720,310,50,82
1721,310,40,40
1722,310,62,60
1723,310,65,32
1724,310,45,34
1725,311,44,40
1726,311,51,17
1727,311,78,32
1728,311,40,37
1729,312,61,13
1730,313,64,24
1731,313,85,47
1732,313,54,28
1733,313,58,49
1734,313,59,36
1735,313,60,30
1736,313,54,8
1737,314,74,44
1738,315,48,68
1739,315,61,24
1740,315,72,45
1741,315,65,33
1742,316,66,36
1743,316,68,11
1744,316,53,65
1745,316,48,30
1746,316,53,21
1747,316,26,36
1748,316,62,39
1749,316,57,40
1750,317,75,37
1751,317,51,35
1752,318,68,61
1753,318,50,41
1754,318,65,25
1755,318,60,18
1756,318,33,45
1757,318,54,43
1758,319,59,25
1759,319,59,21
1760,319,80,19
1761,319,57,24
1762,319,68,35
1763,319,52,52
1764,320,60,47
1765,320,45,18
1766,320,61,35
1767,320,69,38
1768,320,63,15
1769,320,88,37
1770,320,70,27
1771,320,64,20
1772,320,66,34
1773,321,60,50
1774,321,41,29
1775,321,66,71
1776,321,57,48
1777,321,58,69
1778,322,33,41
1779,322,35,2
1780,322,64,42
1781,322,55,38
1782,322,100,36
1783,322,67,30
1784,322,64,36
1785,322,53,67
1786,322,77,42
1787,322,25,34
1788,323,100,36
1789,323,76,61
1790,323,63,27
1791,323,23,50
1792,324,47,42
1793,324,41,36
1794,324,60,44
1795,324,43,57
1796,324,51,14
1797,325,58,40
1798,325,62,60
1799,325,56,38
1800,325,43,52
1801,325,62,33
1802,325,31,61
1803,325,41,31
1804,325,65,22
1805,325,37,8
1806,325,70,31
1807,326,100,25
1808,326,46,31
1809,326,63,32
1810,326,69,25
1811,326,39,13
1812,327,26,32
1813,327,55,30
1814,327,78,58
1815,327,54,13
1816,327,51,31
1817,327,50,29
1818,327,50,34
1819,327,50,43
1820,328,65,26
1821,328,79,25
1822,328,35,45
1823,328,47,44
1824,328,23,60
1825,328,70,17
1826,328,37,65
1827,328,48,27
1828,328,26,34
1829,328,56,50
1830,329,39,17
1831,329,66,55
1832,329,36,56
1833,329,60,56
1834,329,58,2
1835,329,57,55
1836,329,46,34
1837,329,57,1
1838,330,85,26
1839,330,67,38
1840,331,78,46
1841,331,56,26
1842,331,71,11
1843,331,69,23
1844,331,78,42
1845,331,69,41
1846,331,33,27
1847,332,70,42
1848,332,77,46
1849,332,45,28
1850,332,61,5
1851,332,85,46
1852,332,78,16
1853,332,78,73
1854,332,40,51
1855,333,60,16
1856,333,67,52
1857,333,50,57
1858,333,34,17
1859,333,62,40
1860,333,49,52
1861,334,67,52
1862,334,58,49
1863,334,53,70
1864,334,47,71
1865,334,60,19
1866,335,80,41
1867,335,72,58
1868,335,65,31
1869,335,74,40
1870,335,70,7
1871,335,66,30
1872,335,84,49
1873,335,63,47
1874,335,45,64
1875,336,89,45
1876,336,83,31
1877,336,48,40
1878,337,66,34
1879,337,68,44
1880,337,45,47
1881,337,72,42
1882,337,77,21
1883,337,67,22
1884,337,43,30
1885,337,45,31
1886,337,56,52
1887,337,55,16
1888,338,77,27
1889,338,59,46
1890,338,62,56
1891,338,67,27
1892,339,92,42
1893,339,57,54
1894,339,63,45
1895,339,97,35
1896,339,55,41
1897,339,76,17
1898,339,30,31
1899,339,35,33
1900,339,67,26
1901,340,38,41
1902,340,72,14
1903,340,72,52
1904,340,74,58
1905,340,93,34
1906,340,61,33
1907,341,60,62
1908,341,39,27
1909,341,80,55
1910,341,54,52
1911,341,65,62
1912,341,61,55
1913,341,99,48
1914,341,60,50
1915,342,54,75
1916,342,62,35
1917,342,47,56
1918,342,73,32
1919,342,68,17
1920,342,62,46
1921,342,85,28
1922,343,40,26
1923,343,39,60
1924,344,83,44
1925,344,78,42
1926,344,58,35
1927,345,55,16
1928,346,63,39
1929,346,71,41
1930,346,57,26
1931,346,61,51
1932,346,42,41
1933,346,63,29
1934,346,51,43
1935,346,42,45
1936,346,46,55
1937,347,95,27
1938,347,68,29
1939,347,75,21
1940,347,67,26
1941,347,56,24
1942,347,72,27
1943,347,68,34
1944,348,58,42
1945,349,48,43
1946,349,82,28
1947,349,77,62
1948,350,47,18
1949,350,64,31
1950,350,88,40
1951,350,47,22
1952,351,76,31
1953,351,60,54
1954,351,52,39
1955,351,59,50
1956,352,68,36
1957,352,60,34
1958,352,37,43
1959,352,88,26
1960,352,48,26
1961,353,70,46
1962,353,57,26
1963,353,61,16
1964,354,62,53
1965,354,41,17
1966,354,83,30
1967,355,77,37
1968,356,57,46
1969,356,46,41
1970,356,54,20
1971,356,65,36
1972,356,57,21
1973,356,83,53
1974,356,74,35
1975,357,34,69
1976,357,59,28
1977,357,66,57
1978,357,59,59
1979,357,76,23
1980,357,49,54
1981,357,19,37
1982,357,38,32
1983,357,55,34
1984,357,51,23
1985,358,94,68
1986,359,42,63
1987,359,54,41
1988,360,59,30
1989,360,74,41
1990,360,52,20
1991,360,46,15
1992,361,60,22
1993,361,56,60
1994,361,77,39
1995,361,58,68
1996,362,67,35
1997,362,38,45
1998,362,72,30
1999,362,64,34
2000,362,57,2
