Table_ID,Adjacent_Table_ID,Room_ID
1.0,2.0,1.0
1.0,3.0,1.0
1.0,4.0,1.0
1.0,5.0,1.0
1.0,6.0,1.0
1.0,7.0,1.0
1.0,8.0,1.0
1.0,9.0,1.0
1.0,10.0,1.0
1.0,11.0,1.0
1.0,12.0,1.0
1.0,13.0,1.0
1.0,14.0,1.0
1.0,15.0,1.0
1.0,16.0,1.0
1.0,17.0,1.0
1.0,18.0,1.0
1.0,19.0,1.0
1.0,20.0,1.0
1.0,21.0,1.0
1.0,22.0,1.0
1.0,23.0,1.0
1.0,24.0,1.0
1.0,25.0,1.0
1.0,26.0,1.0
1.0,27.0,1.0
1.0,28.0,1.0
1.0,29.0,1.0
1.0,30.0,1.0
1.0,31.0,1.0
1.0,32.0,1.0
1.0,33.0,1.0
1.0,34.0,1.0
1.0,35.0,1.0
1.0,36.0,1.0
1.0,37.0,1.0
1.0,38.0,1.0
1.0,39.0,1.0
1.0,40.0,1.0
2.0,3.0,1.0
2.0,4.0,1.0
2.0,5.0,1.0
2.0,6.0,1.0
2.0,7.0,1.0
2.0,8.0,1.0
2.0,9.0,1.0
2.0,10.0,1.0
2.0,11.0,1.0
2.0,12.0,1.0
2.0,13.0,1.0
2.0,14.0,1.0
2.0,15.0,1.0
2.0,16.0,1.0
2.0,17.0,1.0
2.0,18.0,1.0
2.0,19.0,1.0
2.0,20.0,1.0
2.0,21.0,1.0
2.0,22.0,1.0
2.0,23.0,1.0
2.0,24.0,1.0
2.0,25.0,1.0
2.0,26.0,1.0
2.0,27.0,1.0
2.0,28.0,1.0
2.0,29.0,1.0
2.0,30.0,1.0
2.0,31.0,1.0
2.0,32.0,1.0
2.0,33.0,1.0
2.0,34.0,1.0
2.0,35.0,1.0
2.0,36.0,1.0
2.0,37.0,1.0
2.0,38.0,1.0
2.0,39.0,1.0
2.0,40.0,1.0
3.0,4.0,1.0
3.0,5.0,1.0
3.0,6.0,1.0
3.0,7.0,1.0
3.0,8.0,1.0
3.0,9.0,1.0
3.0,10.0,1.0
3.0,11.0,1.0
3.0,12.0,1.0
3.0,13.0,1.0
3.0,14.0,1.0
3.0,15.0,1.0
3.0,16.0,1.0
3.0,17.0,1.0
3.0,18.0,1.0
3.0,19.0,1.0
3.0,20.0,1.0
3.0,21.0,1.0
3.0,22.0,1.0
3.0,23.0,1.0
3.0,24.0,1.0
3.0,25.0,1.0
3.0,26.0,1.0
3.0,27.0,1.0
3.0,28.0,1.0
3.0,29.0,1.0
3.0,30.0,1.0
3.0,31.0,1.0
3.0,32.0,1.0
3.0,33.0,1.0
3.0,34.0,1.0
3.0,35.0,1.0
3.0,36.0,1.0
3.0,37.0,1.0
3.0,38.0,1.0
3.0,39.0,1.0
3.0,40.0,1.0
4.0,5.0,1.0
4.0,6.0,1.0
4.0,7.0,1.0
4.0,8.0,1.0
4.0,9.0,1.0
4.0,10.0,1.0
4.0,11.0,1.0
4.0,12.0,1.0
4.0,13.0,1.0
4.0,14.0,1.0
4.0,15.0,1.0
4.0,16.0,1.0
4.0,17.0,1.0
4.0,18.0,1.0
4.0,19.0,1.0
4.0,20.0,1.0
4.0,21.0,1.0
4.0,22.0,1.0
4.0,23.0,1.0
4.0,24.0,1.0
4.0,25.0,1.0
4.0,26.0,1.0
4.0,27.0,1.0
4.0,28.0,1.0
4.0,29.0,1.0
4.0,30.0,1.0
4.0,31.0,1.0
4.0,32.0,1.0
4.0,33.0,1.0
4.0,34.0,1.0
4.0,35.0,1.0
4.0,36.0,1.0
4.0,37.0,1.0
4.0,38.0,1.0
4.0,39.0,1.0
4.0,40.0,1.0
5.0,6.0,1.0
5.0,7.0,1.0
5.0,8.0,1.0
5.0,9.0,1.0
5.0,10.0,1.0
5.0,11.0,1.0
5.0,12.0,1.0
5.0,13.0,1.0
5.0,14.0,1.0
5.0,15.0,1.0
5.0,16.0,1.0
5.0,17.0,1.0
5.0,18.0,1.0
5.0,19.0,1.0
5.0,20.0,1.0
5.0,21.0,1.0
5.0,22.0,1.0
5.0,23.0,1.0
5.0,24.0,1.0
5.0,25.0,1.0
5.0,26.0,1.0
5.0,27.0,1.0
5.0,28.0,1.0
5.0,29.0,1.0
5.0,30.0,1.0
5.0,31.0,1.0
5.0,32.0,1.0
5.0,33.0,1.0
5.0,34.0,1.0
5.0,35.0,1.0
5.0,36.0,1.0
5.0,37.0,1.0
5.0,38.0,1.0
5.0,39.0,1.0
5.0,40.0,1.0
6.0,7.0,1.0
6.0,8.0,1.0
6.0,9.0,1.0
6.0,10.0,1.0
6.0,11.0,1.0
6.0,12.0,1.0
6.0,13.0,1.0
6.0,14.0,1.0
6.0,15.0,1.0
6.0,16.0,1.0
6.0,17.0,1.0
6.0,18.0,1.0
6.0,19.0,1.0
6.0,20.0,1.0
6.0,21.0,1.0
6.0,22.0,1.0
6.0,23.0,1.0
6.0,24.0,1.0
6.0,25.0,1.0
6.0,26.0,1.0
6.0,27.0,1.0
6.0,28.0,1.0
6.0,29.0,1.0
6.0,30.0,1.0
6.0,31.0,1.0
6.0,32.0,1.0
6.0,33.0,1.0
6.0,34.0,1.0
6.0,35.0,1.0
6.0,36.0,1.0
6.0,37.0,1.0
6.0,38.0,1.0
6.0,39.0,1.0
6.0,40.0,1.0
7.0,8.0,1.0
7.0,9.0,1.0
7.0,10.0,1.0
7.0,11.0,1.0
7.0,12.0,1.0
7.0,13.0,1.0
7.0,14.0,1.0
7.0,15.0,1.0
7.0,16.0,1.0
7.0,17.0,1.0
7.0,18.0,1.0
7.0,19.0,1.0
7.0,20.0,1.0
7.0,21.0,1.0
7.0,22.0,1.0
7.0,23.0,1.0
7.0,24.0,1.0
7.0,25.0,1.0
7.0,26.0,1.0
7.0,27.0,1.0
7.0,28.0,1.0
7.0,29.0,1.0
7.0,30.0,1.0
7.0,31.0,1.0
7.0,32.0,1.0
7.0,33.0,1.0
7.0,34.0,1.0
7.0,35.0,1.0
7.0,36.0,1.0
7.0,37.0,1.0
7.0,38.0,1.0
7.0,39.0,1.0
7.0,40.0,1.0
8.0,9.0,1.0
8.0,10.0,1.0
8.0,11.0,1.0
8.0,12.0,1.0
8.0,13.0,1.0
8.0,14.0,1.0
8.0,15.0,1.0
8.0,16.0,1.0
8.0,17.0,1.0
8.0,18.0,1.0
8.0,19.0,1.0
8.0,20.0,1.0
8.0,21.0,1.0
8.0,22.0,1.0
8.0,23.0,1.0
8.0,24.0,1.0
8.0,25.0,1.0
8.0,26.0,1.0
8.0,27.0,1.0
8.0,28.0,1.0
8.0,29.0,1.0
8.0,30.0,1.0
8.0,31.0,1.0
8.0,32.0,1.0
8.0,33.0,1.0
8.0,34.0,1.0
8.0,35.0,1.0
8.0,36.0,1.0
8.0,37.0,1.0
8.0,38.0,1.0
8.0,39.0,1.0
8.0,40.0,1.0
9.0,10.0,1.0
9.0,11.0,1.0
9.0,12.0,1.0
9.0,13.0,1.0
9.0,14.0,1.0
9.0,15.0,1.0
9.0,16.0,1.0
9.0,17.0,1.0
9.0,18.0,1.0
9.0,19.0,1.0
9.0,20.0,1.0
9.0,21.0,1.0
9.0,22.0,1.0
9.0,23.0,1.0
9.0,24.0,1.0
9.0,25.0,1.0
9.0,26.0,1.0
9.0,27.0,1.0
9.0,28.0,1.0
9.0,29.0,1.0
9.0,30.0,1.0
9.0,31.0,1.0
9.0,32.0,1.0
9.0,33.0,1.0
9.0,34.0,1.0
9.0,35.0,1.0
9.0,36.0,1.0
9.0,37.0,1.0
9.0,38.0,1.0
9.0,39.0,1.0
9.0,40.0,1.0
10.0,11.0,1.0
10.0,12.0,1.0
10.0,13.0,1.0
10.0,14.0,1.0
10.0,15.0,1.0
10.0,16.0,1.0
10.0,17.0,1.0
10.0,18.0,1.0
10.0,19.0,1.0
10.0,20.0,1.0
10.0,21.0,1.0
10.0,22.0,1.0
10.0,23.0,1.0
10.0,24.0,1.0
10.0,25.0,1.0
10.0,26.0,1.0
10.0,27.0,1.0
10.0,28.0,1.0
10.0,29.0,1.0
10.0,30.0,1.0
10.0,31.0,1.0
10.0,32.0,1.0
10.0,33.0,1.0
10.0,34.0,1.0
10.0,35.0,1.0
10.0,36.0,1.0
10.0,37.0,1.0
10.0,38.0,1.0
10.0,39.0,1.0
10.0,40.0,1.0
11.0,12.0,1.0
11.0,13.0,1.0
11.0,14.0,1.0
11.0,15.0,1.0
11.0,16.0,1.0
11.0,17.0,1.0
11.0,18.0,1.0
11.0,19.0,1.0
11.0,20.0,1.0
11.0,21.0,1.0
11.0,22.0,1.0
11.0,23.0,1.0
11.0,24.0,1.0
11.0,25.0,1.0
11.0,26.0,1.0
11.0,27.0,1.0
11.0,28.0,1.0
11.0,29.0,1.0
11.0,30.0,1.0
11.0,31.0,1.0
11.0,32.0,1.0
11.0,33.0,1.0
11.0,34.0,1.0
11.0,35.0,1.0
11.0,36.0,1.0
11.0,37.0,1.0
11.0,38.0,1.0
11.0,39.0,1.0
11.0,40.0,1.0
12.0,13.0,1.0
12.0,14.0,1.0
12.0,15.0,1.0
12.0,16.0,1.0
12.0,17.0,1.0
12.0,18.0,1.0
12.0,19.0,1.0
12.0,20.0,1.0
12.0,21.0,1.0
12.0,22.0,1.0
12.0,23.0,1.0
12.0,24.0,1.0
12.0,25.0,1.0
12.0,26.0,1.0
12.0,27.0,1.0
12.0,28.0,1.0
12.0,29.0,1.0
12.0,30.0,1.0
12.0,31.0,1.0
12.0,32.0,1.0
12.0,33.0,1.0
12.0,34.0,1.0
12.0,35.0,1.0
12.0,36.0,1.0
12.0,37.0,1.0
12.0,38.0,1.0
12.0,39.0,1.0
12.0,40.0,1.0
13.0,14.0,1.0
13.0,15.0,1.0
13.0,16.0,1.0
13.0,17.0,1.0
13.0,18.0,1.0
13.0,19.0,1.0
13.0,20.0,1.0
13.0,21.0,1.0
13.0,22.0,1.0
13.0,23.0,1.0
13.0,24.0,1.0
13.0,25.0,1.0
13.0,26.0,1.0
13.0,27.0,1.0
13.0,28.0,1.0
13.0,29.0,1.0
13.0,30.0,1.0
13.0,31.0,1.0
13.0,32.0,1.0
13.0,33.0,1.0
13.0,34.0,1.0
13.0,35.0,1.0
13.0,36.0,1.0
13.0,37.0,1.0
13.0,38.0,1.0
13.0,39.0,1.0
13.0,40.0,1.0
14.0,15.0,1.0
14.0,16.0,1.0
14.0,17.0,1.0
14.0,18.0,1.0
14.0,19.0,1.0
14.0,20.0,1.0
14.0,21.0,1.0
14.0,22.0,1.0
14.0,23.0,1.0
14.0,24.0,1.0
14.0,25.0,1.0
14.0,26.0,1.0
14.0,27.0,1.0
14.0,28.0,1.0
14.0,29.0,1.0
14.0,30.0,1.0
14.0,31.0,1.0
14.0,32.0,1.0
14.0,33.0,1.0
14.0,34.0,1.0
14.0,35.0,1.0
14.0,36.0,1.0
14.0,37.0,1.0
14.0,38.0,1.0
14.0,39.0,1.0
14.0,40.0,1.0
15.0,16.0,1.0
15.0,17.0,1.0
15.0,18.0,1.0
15.0,19.0,1.0
15.0,20.0,1.0
15.0,21.0,1.0
15.0,22.0,1.0
15.0,23.0,1.0
15.0,24.0,1.0
15.0,25.0,1.0
15.0,26.0,1.0
15.0,27.0,1.0
15.0,28.0,1.0
15.0,29.0,1.0
15.0,30.0,1.0
15.0,31.0,1.0
15.0,32.0,1.0
15.0,33.0,1.0
15.0,34.0,1.0
15.0,35.0,1.0
15.0,36.0,1.0
15.0,37.0,1.0
15.0,38.0,1.0
15.0,39.0,1.0
15.0,40.0,1.0
16.0,17.0,1.0
16.0,18.0,1.0
16.0,19.0,1.0
16.0,20.0,1.0
16.0,21.0,1.0
16.0,22.0,1.0
16.0,23.0,1.0
16.0,24.0,1.0
16.0,25.0,1.0
16.0,26.0,1.0
16.0,27.0,1.0
16.0,28.0,1.0
16.0,29.0,1.0
16.0,30.0,1.0
16.0,31.0,1.0
16.0,32.0,1.0
16.0,33.0,1.0
16.0,34.0,1.0
16.0,35.0,1.0
16.0,36.0,1.0
16.0,37.0,1.0
16.0,38.0,1.0
16.0,39.0,1.0
16.0,40.0,1.0
17.0,18.0,1.0
17.0,19.0,1.0
17.0,20.0,1.0
17.0,21.0,1.0
17.0,22.0,1.0
17.0,23.0,1.0
17.0,24.0,1.0
17.0,25.0,1.0
17.0,26.0,1.0
17.0,27.0,1.0
17.0,28.0,1.0
17.0,29.0,1.0
17.0,30.0,1.0
17.0,31.0,1.0
17.0,32.0,1.0
17.0,33.0,1.0
17.0,34.0,1.0
17.0,35.0,1.0
17.0,36.0,1.0
17.0,37.0,1.0
17.0,38.0,1.0
17.0,39.0,1.0
17.0,40.0,1.0
18.0,19.0,1.0
18.0,20.0,1.0
18.0,21.0,1.0
18.0,22.0,1.0
18.0,23.0,1.0
18.0,24.0,1.0
18.0,25.0,1.0
18.0,26.0,1.0
18.0,27.0,1.0
18.0,28.0,1.0
18.0,29.0,1.0
18.0,30.0,1.0
18.0,31.0,1.0
18.0,32.0,1.0
18.0,33.0,1.0
18.0,34.0,1.0
18.0,35.0,1.0
18.0,36.0,1.0
18.0,37.0,1.0
18.0,38.0,1.0
18.0,39.0,1.0
18.0,40.0,1.0
19.0,20.0,1.0
19.0,21.0,1.0
19.0,22.0,1.0
19.0,23.0,1.0
19.0,24.0,1.0
19.0,25.0,1.0
19.0,26.0,1.0
19.0,27.0,1.0
19.0,28.0,1.0
19.0,29.0,1.0
19.0,30.0,1.0
19.0,31.0,1.0
19.0,32.0,1.0
19.0,33.0,1.0
19.0,34.0,1.0
19.0,35.0,1.0
19.0,36.0,1.0
19.0,37.0,1.0
19.0,38.0,1.0
19.0,39.0,1.0
19.0,40.0,1.0
20.0,21.0,1.0
20.0,22.0,1.0
20.0,23.0,1.0
20.0,24.0,1.0
20.0,25.0,1.0
20.0,26.0,1.0
20.0,27.0,1.0
20.0,28.0,1.0
20.0,29.0,1.0
20.0,30.0,1.0
20.0,31.0,1.0
20.0,32.0,1.0
20.0,33.0,1.0
20.0,34.0,1.0
20.0,35.0,1.0
20.0,36.0,1.0
20.0,37.0,1.0
20.0,38.0,1.0
20.0,39.0,1.0
20.0,40.0,1.0
21.0,22.0,1.0
21.0,23.0,1.0
21.0,24.0,1.0
21.0,25.0,1.0
21.0,26.0,1.0
21.0,27.0,1.0
21.0,28.0,1.0
21.0,29.0,1.0
21.0,30.0,1.0
21.0,31.0,1.0
21.0,32.0,1.0
21.0,33.0,1.0
21.0,34.0,1.0
21.0,35.0,1.0
21.0,36.0,1.0
21.0,37.0,1.0
21.0,38.0,1.0
21.0,39.0,1.0
21.0,40.0,1.0
22.0,23.0,1.0
22.0,24.0,1.0
22.0,25.0,1.0
22.0,26.0,1.0
22.0,27.0,1.0
22.0,28.0,1.0
22.0,29.0,1.0
22.0,30.0,1.0
22.0,31.0,1.0
22.0,32.0,1.0
22.0,33.0,1.0
22.0,34.0,1.0
22.0,35.0,1.0
22.0,36.0,1.0
22.0,37.0,1.0
22.0,38.0,1.0
22.0,39.0,1.0
22.0,40.0,1.0
23.0,24.0,1.0
23.0,25.0,1.0
23.0,26.0,1.0
23.0,27.0,1.0
23.0,28.0,1.0
23.0,29.0,1.0
23.0,30.0,1.0
23.0,31.0,1.0
23.0,32.0,1.0
23.0,33.0,1.0
23.0,34.0,1.0
23.0,35.0,1.0
23.0,36.0,1.0
23.0,37.0,1.0
23.0,38.0,1.0
23.0,39.0,1.0
23.0,40.0,1.0
24.0,25.0,1.0
24.0,26.0,1.0
24.0,27.0,1.0
24.0,28.0,1.0
24.0,29.0,1.0
24.0,30.0,1.0
24.0,31.0,1.0
24.0,32.0,1.0
24.0,33.0,1.0
24.0,34.0,1.0
24.0,35.0,1.0
24.0,36.0,1.0
24.0,37.0,1.0
24.0,38.0,1.0
24.0,39.0,1.0
24.0,40.0,1.0
25.0,26.0,1.0
25.0,27.0,1.0
25.0,28.0,1.0
25.0,29.0,1.0
25.0,30.0,1.0
25.0,31.0,1.0
25.0,32.0,1.0
25.0,33.0,1.0
25.0,34.0,1.0
25.0,35.0,1.0
25.0,36.0,1.0
25.0,37.0,1.0
25.0,38.0,1.0
25.0,39.0,1.0
25.0,40.0,1.0
26.0,27.0,1.0
26.0,28.0,1.0
26.0,29.0,1.0
26.0,30.0,1.0
26.0,31.0,1.0
26.0,32.0,1.0
26.0,33.0,1.0
26.0,34.0,1.0
26.0,35.0,1.0
26.0,36.0,1.0
26.0,37.0,1.0
26.0,38.0,1.0
26.0,39.0,1.0
26.0,40.0,1.0
27.0,28.0,1.0
27.0,29.0,1.0
27.0,30.0,1.0
27.0,31.0,1.0
27.0,32.0,1.0
27.0,33.0,1.0
27.0,34.0,1.0
27.0,35.0,1.0
27.0,36.0,1.0
27.0,37.0,1.0
27.0,38.0,1.0
27.0,39.0,1.0
27.0,40.0,1.0
28.0,29.0,1.0
28.0,30.0,1.0
28.0,31.0,1.0
28.0,32.0,1.0
28.0,33.0,1.0
28.0,34.0,1.0
28.0,35.0,1.0
28.0,36.0,1.0
28.0,37.0,1.0
28.0,38.0,1.0
28.0,39.0,1.0
28.0,40.0,1.0
29.0,30.0,1.0
29.0,31.0,1.0
29.0,32.0,1.0
29.0,33.0,1.0
29.0,34.0,1.0
29.0,35.0,1.0
29.0,36.0,1.0
29.0,37.0,1.0
29.0,38.0,1.0
29.0,39.0,1.0
29.0,40.0,1.0
30.0,31.0,1.0
30.0,32.0,1.0
30.0,33.0,1.0
30.0,34.0,1.0
30.0,35.0,1.0
30.0,36.0,1.0
30.0,37.0,1.0
30.0,38.0,1.0
30.0,39.0,1.0
30.0,40.0,1.0
31.0,32.0,1.0
31.0,33.0,1.0
31.0,34.0,1.0
31.0,35.0,1.0
31.0,36.0,1.0
31.0,37.0,1.0
31.0,38.0,1.0
31.0,39.0,1.0
31.0,40.0,1.0
32.0,33.0,1.0
32.0,34.0,1.0
32.0,35.0,1.0
32.0,36.0,1.0
32.0,37.0,1.0
32.0,38.0,1.0
32.0,39.0,1.0
32.0,40.0,1.0
33.0,34.0,1.0
33.0,35.0,1.0
33.0,36.0,1.0
33.0,37.0,1.0
33.0,38.0,1.0
33.0,39.0,1.0
33.0,40.0,1.0
34.0,35.0,1.0
34.0,36.0,1.0
34.0,37.0,1.0
34.0,38.0,1.0
34.0,39.0,1.0
34.0,40.0,1.0
35.0,36.0,1.0
35.0,37.0,1.0
35.0,38.0,1.0
35.0,39.0,1.0
35.0,40.0,1.0
36.0,37.0,1.0
36.0,38.0,1.0
36.0,39.0,1.0
36.0,40.0,1.0
37.0,38.0,1.0
37.0,39.0,1.0
37.0,40.0,1.0
38.0,39.0,1.0
38.0,40.0,1.0
39.0,40.0,1.0
41.0,42.0,2.0
41.0,43.0,2.0
41.0,44.0,2.0
41.0,45.0,2.0
41.0,46.0,2.0
41.0,47.0,2.0
41.0,48.0,2.0
41.0,49.0,2.0
41.0,50.0,2.0
41.0,51.0,2.0
41.0,52.0,2.0
41.0,53.0,2.0
41.0,54.0,2.0
41.0,55.0,2.0
41.0,56.0,2.0
41.0,57.0,2.0
41.0,58.0,2.0
41.0,59.0,2.0
41.0,60.0,2.0
41.0,61.0,2.0
41.0,62.0,2.0
41.0,63.0,2.0
41.0,64.0,2.0
41.0,65.0,2.0
41.0,66.0,2.0
41.0,67.0,2.0
41.0,68.0,2.0
41.0,69.0,2.0
41.0,70.0,2.0
41.0,71.0,2.0
41.0,72.0,2.0
41.0,73.0,2.0
41.0,74.0,2.0
41.0,75.0,2.0
41.0,76.0,2.0
41.0,77.0,2.0
41.0,78.0,2.0
41.0,79.0,2.0
41.0,80.0,2.0
42.0,43.0,2.0
42.0,44.0,2.0
42.0,45.0,2.0
42.0,46.0,2.0
42.0,47.0,2.0
42.0,48.0,2.0
42.0,49.0,2.0
42.0,50.0,2.0
42.0,51.0,2.0
42.0,52.0,2.0
42.0,53.0,2.0
42.0,54.0,2.0
42.0,55.0,2.0
42.0,56.0,2.0
42.0,57.0,2.0
42.0,58.0,2.0
42.0,59.0,2.0
42.0,60.0,2.0
42.0,61.0,2.0
42.0,62.0,2.0
42.0,63.0,2.0
42.0,64.0,2.0
42.0,65.0,2.0
42.0,66.0,2.0
42.0,67.0,2.0
42.0,68.0,2.0
42.0,69.0,2.0
42.0,70.0,2.0
42.0,71.0,2.0
42.0,72.0,2.0
42.0,73.0,2.0
42.0,74.0,2.0
42.0,75.0,2.0
42.0,76.0,2.0
42.0,77.0,2.0
42.0,78.0,2.0
42.0,79.0,2.0
42.0,80.0,2.0
43.0,44.0,2.0
43.0,45.0,2.0
43.0,46.0,2.0
43.0,47.0,2.0
43.0,48.0,2.0
43.0,49.0,2.0
43.0,50.0,2.0
43.0,51.0,2.0
43.0,52.0,2.0
43.0,53.0,2.0
43.0,54.0,2.0
43.0,55.0,2.0
43.0,56.0,2.0
43.0,57.0,2.0
43.0,58.0,2.0
43.0,59.0,2.0
43.0,60.0,2.0
43.0,61.0,2.0
43.0,62.0,2.0
43.0,63.0,2.0
43.0,64.0,2.0
43.0,65.0,2.0
43.0,66.0,2.0
43.0,67.0,2.0
43.0,68.0,2.0
43.0,69.0,2.0
43.0,70.0,2.0
43.0,71.0,2.0
43.0,72.0,2.0
43.0,73.0,2.0
43.0,74.0,2.0
43.0,75.0,2.0
43.0,76.0,2.0
43.0,77.0,2.0
43.0,78.0,2.0
43.0,79.0,2.0
43.0,80.0,2.0
44.0,45.0,2.0
44.0,46.0,2.0
44.0,47.0,2.0
44.0,48.0,2.0
44.0,49.0,2.0
44.0,50.0,2.0
44.0,51.0,2.0
44.0,52.0,2.0
44.0,53.0,2.0
44.0,54.0,2.0
44.0,55.0,2.0
44.0,56.0,2.0
44.0,57.0,2.0
44.0,58.0,2.0
44.0,59.0,2.0
44.0,60.0,2.0
44.0,61.0,2.0
44.0,62.0,2.0
44.0,63.0,2.0
44.0,64.0,2.0
44.0,65.0,2.0
44.0,66.0,2.0
44.0,67.0,2.0
44.0,68.0,2.0
44.0,69.0,2.0
44.0,70.0,2.0
44.0,71.0,2.0
44.0,72.0,2.0
44.0,73.0,2.0
44.0,74.0,2.0
44.0,75.0,2.0
44.0,76.0,2.0
44.0,77.0,2.0
44.0,78.0,2.0
44.0,79.0,2.0
44.0,80.0,2.0
45.0,46.0,2.0
45.0,47.0,2.0
45.0,48.0,2.0
45.0,49.0,2.0
45.0,50.0,2.0
45.0,51.0,2.0
45.0,52.0,2.0
45.0,53.0,2.0
45.0,54.0,2.0
45.0,55.0,2.0
45.0,56.0,2.0
45.0,57.0,2.0
45.0,58.0,2.0
45.0,59.0,2.0
45.0,60.0,2.0
45.0,61.0,2.0
45.0,62.0,2.0
45.0,63.0,2.0
45.0,64.0,2.0
45.0,65.0,2.0
45.0,66.0,2.0
45.0,67.0,2.0
45.0,68.0,2.0
45.0,69.0,2.0
45.0,70.0,2.0
45.0,71.0,2.0
45.0,72.0,2.0
45.0,73.0,2.0
45.0,74.0,2.0
45.0,75.0,2.0
45.0,76.0,2.0
45.0,77.0,2.0
45.0,78.0,2.0
45.0,79.0,2.0
45.0,80.0,2.0
46.0,47.0,2.0
46.0,48.0,2.0
46.0,49.0,2.0
46.0,50.0,2.0
46.0,51.0,2.0
46.0,52.0,2.0
46.0,53.0,2.0
46.0,54.0,2.0
46.0,55.0,2.0
46.0,56.0,2.0
46.0,57.0,2.0
46.0,58.0,2.0
46.0,59.0,2.0
46.0,60.0,2.0
46.0,61.0,2.0
46.0,62.0,2.0
46.0,63.0,2.0
46.0,64.0,2.0
46.0,65.0,2.0
46.0,66.0,2.0
46.0,67.0,2.0
46.0,68.0,2.0
46.0,69.0,2.0
46.0,70.0,2.0
46.0,71.0,2.0
46.0,72.0,2.0
46.0,73.0,2.0
46.0,74.0,2.0
46.0,75.0,2.0
46.0,76.0,2.0
46.0,77.0,2.0
46.0,78.0,2.0
46.0,79.0,2.0
46.0,80.0,2.0
47.0,48.0,2.0
47.0,49.0,2.0
47.0,50.0,2.0
47.0,51.0,2.0
47.0,52.0,2.0
47.0,53.0,2.0
47.0,54.0,2.0
47.0,55.0,2.0
47.0,56.0,2.0
47.0,57.0,2.0
47.0,58.0,2.0
47.0,59.0,2.0
47.0,60.0,2.0
47.0,61.0,2.0
47.0,62.0,2.0
47.0,63.0,2.0
47.0,64.0,2.0
47.0,65.0,2.0
47.0,66.0,2.0
47.0,67.0,2.0
47.0,68.0,2.0
47.0,69.0,2.0
47.0,70.0,2.0
47.0,71.0,2.0
47.0,72.0,2.0
47.0,73.0,2.0
47.0,74.0,2.0
47.0,75.0,2.0
47.0,76.0,2.0
47.0,77.0,2.0
47.0,78.0,2.0
47.0,79.0,2.0
47.0,80.0,2.0
48.0,49.0,2.0
48.0,50.0,2.0
48.0,51.0,2.0
48.0,52.0,2.0
48.0,53.0,2.0
48.0,54.0,2.0
48.0,55.0,2.0
48.0,56.0,2.0
48.0,57.0,2.0
48.0,58.0,2.0
48.0,59.0,2.0
48.0,60.0,2.0
48.0,61.0,2.0
48.0,62.0,2.0
48.0,63.0,2.0
48.0,64.0,2.0
48.0,65.0,2.0
48.0,66.0,2.0
48.0,67.0,2.0
48.0,68.0,2.0
48.0,69.0,2.0
48.0,70.0,2.0
48.0,71.0,2.0
48.0,72.0,2.0
48.0,73.0,2.0
48.0,74.0,2.0
48.0,75.0,2.0
48.0,76.0,2.0
48.0,77.0,2.0
48.0,78.0,2.0
48.0,79.0,2.0
48.0,80.0,2.0
49.0,50.0,2.0
49.0,51.0,2.0
49.0,52.0,2.0
49.0,53.0,2.0
49.0,54.0,2.0
49.0,55.0,2.0
49.0,56.0,2.0
49.0,57.0,2.0
49.0,58.0,2.0
49.0,59.0,2.0
49.0,60.0,2.0
49.0,61.0,2.0
49.0,62.0,2.0
49.0,63.0,2.0
49.0,64.0,2.0
49.0,65.0,2.0
49.0,66.0,2.0
49.0,67.0,2.0
49.0,68.0,2.0
49.0,69.0,2.0
49.0,70.0,2.0
49.0,71.0,2.0
49.0,72.0,2.0
49.0,73.0,2.0
49.0,74.0,2.0
49.0,75.0,2.0
49.0,76.0,2.0
49.0,77.0,2.0
49.0,78.0,2.0
49.0,79.0,2.0
49.0,80.0,2.0
50.0,51.0,2.0
50.0,52.0,2.0
50.0,53.0,2.0
50.0,54.0,2.0
50.0,55.0,2.0
50.0,56.0,2.0
50.0,57.0,2.0
50.0,58.0,2.0
50.0,59.0,2.0
50.0,60.0,2.0
50.0,61.0,2.0
50.0,62.0,2.0
50.0,63.0,2.0
50.0,64.0,2.0
50.0,65.0,2.0
50.0,66.0,2.0
50.0,67.0,2.0
50.0,68.0,2.0
50.0,69.0,2.0
50.0,70.0,2.0
50.0,71.0,2.0
50.0,72.0,2.0
50.0,73.0,2.0
50.0,74.0,2.0
50.0,75.0,2.0
50.0,76.0,2.0
50.0,77.0,2.0
50.0,78.0,2.0
50.0,79.0,2.0
50.0,80.0,2.0
51.0,52.0,2.0
51.0,53.0,2.0
51.0,54.0,2.0
51.0,55.0,2.0
51.0,56.0,2.0
51.0,57.0,2.0
51.0,58.0,2.0
51.0,59.0,2.0
51.0,60.0,2.0
51.0,61.0,2.0
51.0,62.0,2.0
51.0,63.0,2.0
51.0,64.0,2.0
51.0,65.0,2.0
51.0,66.0,2.0
51.0,67.0,2.0
51.0,68.0,2.0
51.0,69.0,2.0
51.0,70.0,2.0
51.0,71.0,2.0
51.0,72.0,2.0
51.0,73.0,2.0
51.0,74.0,2.0
51.0,75.0,2.0
51.0,76.0,2.0
51.0,77.0,2.0
51.0,78.0,2.0
51.0,79.0,2.0
51.0,80.0,2.0
52.0,53.0,2.0
52.0,54.0,2.0
52.0,55.0,2.0
52.0,56.0,2.0
52.0,57.0,2.0
52.0,58.0,2.0
52.0,59.0,2.0
52.0,60.0,2.0
52.0,61.0,2.0
52.0,62.0,2.0
52.0,63.0,2.0
52.0,64.0,2.0
52.0,65.0,2.0
52.0,66.0,2.0
52.0,67.0,2.0
52.0,68.0,2.0
52.0,69.0,2.0
52.0,70.0,2.0
52.0,71.0,2.0
52.0,72.0,2.0
52.0,73.0,2.0
52.0,74.0,2.0
52.0,75.0,2.0
52.0,76.0,2.0
52.0,77.0,2.0
52.0,78.0,2.0
52.0,79.0,2.0
52.0,80.0,2.0
53.0,54.0,2.0
53.0,55.0,2.0
53.0,56.0,2.0
53.0,57.0,2.0
53.0,58.0,2.0
53.0,59.0,2.0
53.0,60.0,2.0
53.0,61.0,2.0
53.0,62.0,2.0
53.0,63.0,2.0
53.0,64.0,2.0
53.0,65.0,2.0
53.0,66.0,2.0
53.0,67.0,2.0
53.0,68.0,2.0
53.0,69.0,2.0
53.0,70.0,2.0
53.0,71.0,2.0
53.0,72.0,2.0
53.0,73.0,2.0
53.0,74.0,2.0
53.0,75.0,2.0
53.0,76.0,2.0
53.0,77.0,2.0
53.0,78.0,2.0
53.0,79.0,2.0
53.0,80.0,2.0
54.0,55.0,2.0
54.0,56.0,2.0
54.0,57.0,2.0
54.0,58.0,2.0
54.0,59.0,2.0
54.0,60.0,2.0
54.0,61.0,2.0
54.0,62.0,2.0
54.0,63.0,2.0
54.0,64.0,2.0
54.0,65.0,2.0
54.0,66.0,2.0
54.0,67.0,2.0
54.0,68.0,2.0
54.0,69.0,2.0
54.0,70.0,2.0
54.0,71.0,2.0
54.0,72.0,2.0
54.0,73.0,2.0
54.0,74.0,2.0
54.0,75.0,2.0
54.0,76.0,2.0
54.0,77.0,2.0
54.0,78.0,2.0
54.0,79.0,2.0
54.0,80.0,2.0
55.0,56.0,2.0
55.0,57.0,2.0
55.0,58.0,2.0
55.0,59.0,2.0
55.0,60.0,2.0
55.0,61.0,2.0
55.0,62.0,2.0
55.0,63.0,2.0
55.0,64.0,2.0
55.0,65.0,2.0
55.0,66.0,2.0
55.0,67.0,2.0
55.0,68.0,2.0
55.0,69.0,2.0
55.0,70.0,2.0
55.0,71.0,2.0
55.0,72.0,2.0
55.0,73.0,2.0
55.0,74.0,2.0
55.0,75.0,2.0
55.0,76.0,2.0
55.0,77.0,2.0
55.0,78.0,2.0
55.0,79.0,2.0
55.0,80.0,2.0
56.0,57.0,2.0
56.0,58.0,2.0
56.0,59.0,2.0
56.0,60.0,2.0
56.0,61.0,2.0
56.0,62.0,2.0
56.0,63.0,2.0
56.0,64.0,2.0
56.0,65.0,2.0
56.0,66.0,2.0
56.0,67.0,2.0
56.0,68.0,2.0
56.0,69.0,2.0
56.0,70.0,2.0
56.0,71.0,2.0
56.0,72.0,2.0
56.0,73.0,2.0
56.0,74.0,2.0
56.0,75.0,2.0
56.0,76.0,2.0
56.0,77.0,2.0
56.0,78.0,2.0
56.0,79.0,2.0
56.0,80.0,2.0
57.0,58.0,2.0
57.0,59.0,2.0
57.0,60.0,2.0
57.0,61.0,2.0
57.0,62.0,2.0
57.0,63.0,2.0
57.0,64.0,2.0
57.0,65.0,2.0
57.0,66.0,2.0
57.0,67.0,2.0
57.0,68.0,2.0
57.0,69.0,2.0
57.0,70.0,2.0
57.0,71.0,2.0
57.0,72.0,2.0
57.0,73.0,2.0
57.0,74.0,2.0
57.0,75.0,2.0
57.0,76.0,2.0
57.0,77.0,2.0
57.0,78.0,2.0
57.0,79.0,2.0
57.0,80.0,2.0
58.0,59.0,2.0
58.0,60.0,2.0
58.0,61.0,2.0
58.0,62.0,2.0
58.0,63.0,2.0
58.0,64.0,2.0
58.0,65.0,2.0
58.0,66.0,2.0
58.0,67.0,2.0
58.0,68.0,2.0
58.0,69.0,2.0
58.0,70.0,2.0
58.0,71.0,2.0
58.0,72.0,2.0
58.0,73.0,2.0
58.0,74.0,2.0
58.0,75.0,2.0
58.0,76.0,2.0
58.0,77.0,2.0
58.0,78.0,2.0
58.0,79.0,2.0
58.0,80.0,2.0
59.0,60.0,2.0
59.0,61.0,2.0
59.0,62.0,2.0
59.0,63.0,2.0
59.0,64.0,2.0
59.0,65.0,2.0
59.0,66.0,2.0
59.0,67.0,2.0
59.0,68.0,2.0
59.0,69.0,2.0
59.0,70.0,2.0
59.0,71.0,2.0
59.0,72.0,2.0
59.0,73.0,2.0
59.0,74.0,2.0
59.0,75.0,2.0
59.0,76.0,2.0
59.0,77.0,2.0
59.0,78.0,2.0
59.0,79.0,2.0
59.0,80.0,2.0
60.0,61.0,2.0
60.0,62.0,2.0
60.0,63.0,2.0
60.0,64.0,2.0
60.0,65.0,2.0
60.0,66.0,2.0
60.0,67.0,2.0
60.0,68.0,2.0
60.0,69.0,2.0
60.0,70.0,2.0
60.0,71.0,2.0
60.0,72.0,2.0
60.0,73.0,2.0
60.0,74.0,2.0
60.0,75.0,2.0
60.0,76.0,2.0
60.0,77.0,2.0
60.0,78.0,2.0
60.0,79.0,2.0
60.0,80.0,2.0
61.0,62.0,2.0
61.0,63.0,2.0
61.0,64.0,2.0
61.0,65.0,2.0
61.0,66.0,2.0
61.0,67.0,2.0
61.0,68.0,2.0
61.0,69.0,2.0
61.0,70.0,2.0
61.0,71.0,2.0
61.0,72.0,2.0
61.0,73.0,2.0
61.0,74.0,2.0
61.0,75.0,2.0
61.0,76.0,2.0
61.0,77.0,2.0
61.0,78.0,2.0
61.0,79.0,2.0
61.0,80.0,2.0
62.0,63.0,2.0
62.0,64.0,2.0
62.0,65.0,2.0
62.0,66.0,2.0
62.0,67.0,2.0
62.0,68.0,2.0
62.0,69.0,2.0
62.0,70.0,2.0
62.0,71.0,2.0
62.0,72.0,2.0
62.0,73.0,2.0
62.0,74.0,2.0
62.0,75.0,2.0
62.0,76.0,2.0
62.0,77.0,2.0
62.0,78.0,2.0
62.0,79.0,2.0
62.0,80.0,2.0
63.0,64.0,2.0
63.0,65.0,2.0
63.0,66.0,2.0
63.0,67.0,2.0
63.0,68.0,2.0
63.0,69.0,2.0
63.0,70.0,2.0
63.0,71.0,2.0
63.0,72.0,2.0
63.0,73.0,2.0
63.0,74.0,2.0
63.0,75.0,2.0
63.0,76.0,2.0
63.0,77.0,2.0
63.0,78.0,2.0
63.0,79.0,2.0
63.0,80.0,2.0
64.0,65.0,2.0
64.0,66.0,2.0
64.0,67.0,2.0
64.0,68.0,2.0
64.0,69.0,2.0
64.0,70.0,2.0
64.0,71.0,2.0
64.0,72.0,2.0
64.0,73.0,2.0
64.0,74.0,2.0
64.0,75.0,2.0
64.0,76.0,2.0
64.0,77.0,2.0
64.0,78.0,2.0
64.0,79.0,2.0
64.0,80.0,2.0
65.0,66.0,2.0
65.0,67.0,2.0
65.0,68.0,2.0
65.0,69.0,2.0
65.0,70.0,2.0
65.0,71.0,2.0
65.0,72.0,2.0
65.0,73.0,2.0
65.0,74.0,2.0
65.0,75.0,2.0
65.0,76.0,2.0
65.0,77.0,2.0
65.0,78.0,2.0
65.0,79.0,2.0
65.0,80.0,2.0
66.0,67.0,2.0
66.0,68.0,2.0
66.0,69.0,2.0
66.0,70.0,2.0
66.0,71.0,2.0
66.0,72.0,2.0
66.0,73.0,2.0
66.0,74.0,2.0
66.0,75.0,2.0
66.0,76.0,2.0
66.0,77.0,2.0
66.0,78.0,2.0
66.0,79.0,2.0
66.0,80.0,2.0
67.0,68.0,2.0
67.0,69.0,2.0
67.0,70.0,2.0
67.0,71.0,2.0
67.0,72.0,2.0
67.0,73.0,2.0
67.0,74.0,2.0
67.0,75.0,2.0
67.0,76.0,2.0
67.0,77.0,2.0
67.0,78.0,2.0
67.0,79.0,2.0
67.0,80.0,2.0
68.0,69.0,2.0
68.0,70.0,2.0
68.0,71.0,2.0
68.0,72.0,2.0
68.0,73.0,2.0
68.0,74.0,2.0
68.0,75.0,2.0
68.0,76.0,2.0
68.0,77.0,2.0
68.0,78.0,2.0
68.0,79.0,2.0
68.0,80.0,2.0
69.0,70.0,2.0
69.0,71.0,2.0
69.0,72.0,2.0
69.0,73.0,2.0
69.0,74.0,2.0
69.0,75.0,2.0
69.0,76.0,2.0
69.0,77.0,2.0
69.0,78.0,2.0
69.0,79.0,2.0
69.0,80.0,2.0
70.0,71.0,2.0
70.0,72.0,2.0
70.0,73.0,2.0
70.0,74.0,2.0
70.0,75.0,2.0
70.0,76.0,2.0
70.0,77.0,2.0
70.0,78.0,2.0
70.0,79.0,2.0
70.0,80.0,2.0
71.0,72.0,2.0
71.0,73.0,2.0
71.0,74.0,2.0
71.0,75.0,2.0
71.0,76.0,2.0
71.0,77.0,2.0
71.0,78.0,2.0
71.0,79.0,2.0
71.0,80.0,2.0
72.0,73.0,2.0
72.0,74.0,2.0
72.0,75.0,2.0
72.0,76.0,2.0
72.0,77.0,2.0
72.0,78.0,2.0
72.0,79.0,2.0
72.0,80.0,2.0
73.0,74.0,2.0
73.0,75.0,2.0
73.0,76.0,2.0
73.0,77.0,2.0
73.0,78.0,2.0
73.0,79.0,2.0
73.0,80.0,2.0
74.0,75.0,2.0
74.0,76.0,2.0
74.0,77.0,2.0
74.0,78.0,2.0
74.0,79.0,2.0
74.0,80.0,2.0
75.0,76.0,2.0
75.0,77.0,2.0
75.0,78.0,2.0
75.0,79.0,2.0
75.0,80.0,2.0
76.0,77.0,2.0
76.0,78.0,2.0
76.0,79.0,2.0
76.0,80.0,2.0
77.0,78.0,2.0
77.0,79.0,2.0
77.0,80.0,2.0
78.0,79.0,2.0
78.0,80.0,2.0
79.0,80.0,2.0
81.0,82.0,3.0
81.0,83.0,3.0
81.0,84.0,3.0
81.0,85.0,3.0
81.0,86.0,3.0
81.0,87.0,3.0
81.0,88.0,3.0
81.0,89.0,3.0
81.0,90.0,3.0
81.0,91.0,3.0
81.0,92.0,3.0
81.0,93.0,3.0
81.0,94.0,3.0
81.0,95.0,3.0
81.0,96.0,3.0
81.0,97.0,3.0
81.0,98.0,3.0
81.0,99.0,3.0
81.0,100.0,3.0
81.0,101.0,3.0
81.0,102.0,3.0
81.0,103.0,3.0
81.0,104.0,3.0
81.0,105.0,3.0
81.0,106.0,3.0
81.0,107.0,3.0
81.0,108.0,3.0
81.0,109.0,3.0
81.0,110.0,3.0
81.0,111.0,3.0
81.0,112.0,3.0
81.0,113.0,3.0
81.0,114.0,3.0
81.0,115.0,3.0
81.0,116.0,3.0
81.0,117.0,3.0
81.0,118.0,3.0
81.0,119.0,3.0
81.0,120.0,3.0
82.0,83.0,3.0
82.0,84.0,3.0
82.0,85.0,3.0
82.0,86.0,3.0
82.0,87.0,3.0
82.0,88.0,3.0
82.0,89.0,3.0
82.0,90.0,3.0
82.0,91.0,3.0
82.0,92.0,3.0
82.0,93.0,3.0
82.0,94.0,3.0
82.0,95.0,3.0
82.0,96.0,3.0
82.0,97.0,3.0
82.0,98.0,3.0
82.0,99.0,3.0
82.0,100.0,3.0
82.0,101.0,3.0
82.0,102.0,3.0
82.0,103.0,3.0
82.0,104.0,3.0
82.0,105.0,3.0
82.0,106.0,3.0
82.0,107.0,3.0
82.0,108.0,3.0
82.0,109.0,3.0
82.0,110.0,3.0
82.0,111.0,3.0
82.0,112.0,3.0
82.0,113.0,3.0
82.0,114.0,3.0
82.0,115.0,3.0
82.0,116.0,3.0
82.0,117.0,3.0
82.0,118.0,3.0
82.0,119.0,3.0
82.0,120.0,3.0
83.0,84.0,3.0
83.0,85.0,3.0
83.0,86.0,3.0
83.0,87.0,3.0
83.0,88.0,3.0
83.0,89.0,3.0
83.0,90.0,3.0
83.0,91.0,3.0
83.0,92.0,3.0
83.0,93.0,3.0
83.0,94.0,3.0
83.0,95.0,3.0
83.0,96.0,3.0
83.0,97.0,3.0
83.0,98.0,3.0
83.0,99.0,3.0
83.0,100.0,3.0
83.0,101.0,3.0
83.0,102.0,3.0
83.0,103.0,3.0
83.0,104.0,3.0
83.0,105.0,3.0
83.0,106.0,3.0
83.0,107.0,3.0
83.0,108.0,3.0
83.0,109.0,3.0
83.0,110.0,3.0
83.0,111.0,3.0
83.0,112.0,3.0
83.0,113.0,3.0
83.0,114.0,3.0
83.0,115.0,3.0
83.0,116.0,3.0
83.0,117.0,3.0
83.0,118.0,3.0
83.0,119.0,3.0
83.0,120.0,3.0
84.0,85.0,3.0
84.0,86.0,3.0
84.0,87.0,3.0
84.0,88.0,3.0
84.0,89.0,3.0
84.0,90.0,3.0
84.0,91.0,3.0
84.0,92.0,3.0
84.0,93.0,3.0
84.0,94.0,3.0
84.0,95.0,3.0
84.0,96.0,3.0
84.0,97.0,3.0
84.0,98.0,3.0
84.0,99.0,3.0
84.0,100.0,3.0
84.0,101.0,3.0
84.0,102.0,3.0
84.0,103.0,3.0
84.0,104.0,3.0
84.0,105.0,3.0
84.0,106.0,3.0
84.0,107.0,3.0
84.0,108.0,3.0
84.0,109.0,3.0
84.0,110.0,3.0
84.0,111.0,3.0
84.0,112.0,3.0
84.0,113.0,3.0
84.0,114.0,3.0
84.0,115.0,3.0
84.0,116.0,3.0
84.0,117.0,3.0
84.0,118.0,3.0
84.0,119.0,3.0
84.0,120.0,3.0
85.0,86.0,3.0
85.0,87.0,3.0
85.0,88.0,3.0
85.0,89.0,3.0
85.0,90.0,3.0
85.0,91.0,3.0
85.0,92.0,3.0
85.0,93.0,3.0
85.0,94.0,3.0
85.0,95.0,3.0
85.0,96.0,3.0
85.0,97.0,3.0
85.0,98.0,3.0
85.0,99.0,3.0
85.0,100.0,3.0
85.0,101.0,3.0
85.0,102.0,3.0
85.0,103.0,3.0
85.0,104.0,3.0
85.0,105.0,3.0
85.0,106.0,3.0
85.0,107.0,3.0
85.0,108.0,3.0
85.0,109.0,3.0
85.0,110.0,3.0
85.0,111.0,3.0
85.0,112.0,3.0
85.0,113.0,3.0
85.0,114.0,3.0
85.0,115.0,3.0
85.0,116.0,3.0
85.0,117.0,3.0
85.0,118.0,3.0
85.0,119.0,3.0
85.0,120.0,3.0
86.0,87.0,3.0
86.0,88.0,3.0
86.0,89.0,3.0
86.0,90.0,3.0
86.0,91.0,3.0
86.0,92.0,3.0
86.0,93.0,3.0
86.0,94.0,3.0
86.0,95.0,3.0
86.0,96.0,3.0
86.0,97.0,3.0
86.0,98.0,3.0
86.0,99.0,3.0
86.0,100.0,3.0
86.0,101.0,3.0
86.0,102.0,3.0
86.0,103.0,3.0
86.0,104.0,3.0
86.0,105.0,3.0
86.0,106.0,3.0
86.0,107.0,3.0
86.0,108.0,3.0
86.0,109.0,3.0
86.0,110.0,3.0
86.0,111.0,3.0
86.0,112.0,3.0
86.0,113.0,3.0
86.0,114.0,3.0
86.0,115.0,3.0
86.0,116.0,3.0
86.0,117.0,3.0
86.0,118.0,3.0
86.0,119.0,3.0
86.0,120.0,3.0
87.0,88.0,3.0
87.0,89.0,3.0
87.0,90.0,3.0
87.0,91.0,3.0
87.0,92.0,3.0
87.0,93.0,3.0
87.0,94.0,3.0
87.0,95.0,3.0
87.0,96.0,3.0
87.0,97.0,3.0
87.0,98.0,3.0
87.0,99.0,3.0
87.0,100.0,3.0
87.0,101.0,3.0
87.0,102.0,3.0
87.0,103.0,3.0
87.0,104.0,3.0
87.0,105.0,3.0
87.0,106.0,3.0
87.0,107.0,3.0
87.0,108.0,3.0
87.0,109.0,3.0
87.0,110.0,3.0
87.0,111.0,3.0
87.0,112.0,3.0
87.0,113.0,3.0
87.0,114.0,3.0
87.0,115.0,3.0
87.0,116.0,3.0
87.0,117.0,3.0
87.0,118.0,3.0
87.0,119.0,3.0
87.0,120.0,3.0
88.0,89.0,3.0
88.0,90.0,3.0
88.0,91.0,3.0
88.0,92.0,3.0
88.0,93.0,3.0
88.0,94.0,3.0
88.0,95.0,3.0
88.0,96.0,3.0
88.0,97.0,3.0
88.0,98.0,3.0
88.0,99.0,3.0
88.0,100.0,3.0
88.0,101.0,3.0
88.0,102.0,3.0
88.0,103.0,3.0
88.0,104.0,3.0
88.0,105.0,3.0
88.0,106.0,3.0
88.0,107.0,3.0
88.0,108.0,3.0
88.0,109.0,3.0
88.0,110.0,3.0
88.0,111.0,3.0
88.0,112.0,3.0
88.0,113.0,3.0
88.0,114.0,3.0
88.0,115.0,3.0
88.0,116.0,3.0
88.0,117.0,3.0
88.0,118.0,3.0
88.0,119.0,3.0
88.0,120.0,3.0
89.0,90.0,3.0
89.0,91.0,3.0
89.0,92.0,3.0
89.0,93.0,3.0
89.0,94.0,3.0
89.0,95.0,3.0
89.0,96.0,3.0
89.0,97.0,3.0
89.0,98.0,3.0
89.0,99.0,3.0
89.0,100.0,3.0
89.0,101.0,3.0
89.0,102.0,3.0
89.0,103.0,3.0
89.0,104.0,3.0
89.0,105.0,3.0
89.0,106.0,3.0
89.0,107.0,3.0
89.0,108.0,3.0
89.0,109.0,3.0
89.0,110.0,3.0
89.0,111.0,3.0
89.0,112.0,3.0
89.0,113.0,3.0
89.0,114.0,3.0
89.0,115.0,3.0
89.0,116.0,3.0
89.0,117.0,3.0
89.0,118.0,3.0
89.0,119.0,3.0
89.0,120.0,3.0
90.0,91.0,3.0
90.0,92.0,3.0
90.0,93.0,3.0
90.0,94.0,3.0
90.0,95.0,3.0
90.0,96.0,3.0
90.0,97.0,3.0
90.0,98.0,3.0
90.0,99.0,3.0
90.0,100.0,3.0
90.0,101.0,3.0
90.0,102.0,3.0
90.0,103.0,3.0
90.0,104.0,3.0
90.0,105.0,3.0
90.0,106.0,3.0
90.0,107.0,3.0
90.0,108.0,3.0
90.0,109.0,3.0
90.0,110.0,3.0
90.0,111.0,3.0
90.0,112.0,3.0
90.0,113.0,3.0
90.0,114.0,3.0
90.0,115.0,3.0
90.0,116.0,3.0
90.0,117.0,3.0
90.0,118.0,3.0
90.0,119.0,3.0
90.0,120.0,3.0
91.0,92.0,3.0
91.0,93.0,3.0
91.0,94.0,3.0
91.0,95.0,3.0
91.0,96.0,3.0
91.0,97.0,3.0
91.0,98.0,3.0
91.0,99.0,3.0
91.0,100.0,3.0
91.0,101.0,3.0
91.0,102.0,3.0
91.0,103.0,3.0
91.0,104.0,3.0
91.0,105.0,3.0
91.0,106.0,3.0
91.0,107.0,3.0
91.0,108.0,3.0
91.0,109.0,3.0
91.0,110.0,3.0
91.0,111.0,3.0
91.0,112.0,3.0
91.0,113.0,3.0
91.0,114.0,3.0
91.0,115.0,3.0
91.0,116.0,3.0
91.0,117.0,3.0
91.0,118.0,3.0
91.0,119.0,3.0
91.0,120.0,3.0
92.0,93.0,3.0
92.0,94.0,3.0
92.0,95.0,3.0
92.0,96.0,3.0
92.0,97.0,3.0
92.0,98.0,3.0
92.0,99.0,3.0
92.0,100.0,3.0
92.0,101.0,3.0
92.0,102.0,3.0
92.0,103.0,3.0
92.0,104.0,3.0
92.0,105.0,3.0
92.0,106.0,3.0
92.0,107.0,3.0
92.0,108.0,3.0
92.0,109.0,3.0
92.0,110.0,3.0
92.0,111.0,3.0
92.0,112.0,3.0
92.0,113.0,3.0
92.0,114.0,3.0
92.0,115.0,3.0
92.0,116.0,3.0
92.0,117.0,3.0
92.0,118.0,3.0
92.0,119.0,3.0
92.0,120.0,3.0
93.0,94.0,3.0
93.0,95.0,3.0
93.0,96.0,3.0
93.0,97.0,3.0
93.0,98.0,3.0
93.0,99.0,3.0
93.0,100.0,3.0
93.0,101.0,3.0
93.0,102.0,3.0
93.0,103.0,3.0
93.0,104.0,3.0
93.0,105.0,3.0
93.0,106.0,3.0
93.0,107.0,3.0
93.0,108.0,3.0
93.0,109.0,3.0
93.0,110.0,3.0
93.0,111.0,3.0
93.0,112.0,3.0
93.0,113.0,3.0
93.0,114.0,3.0
93.0,115.0,3.0
93.0,116.0,3.0
93.0,117.0,3.0
93.0,118.0,3.0
93.0,119.0,3.0
93.0,120.0,3.0
94.0,95.0,3.0
94.0,96.0,3.0
94.0,97.0,3.0
94.0,98.0,3.0
94.0,99.0,3.0
94.0,100.0,3.0
94.0,101.0,3.0
94.0,102.0,3.0
94.0,103.0,3.0
94.0,104.0,3.0
94.0,105.0,3.0
94.0,106.0,3.0
94.0,107.0,3.0
94.0,108.0,3.0
94.0,109.0,3.0
94.0,110.0,3.0
94.0,111.0,3.0
94.0,112.0,3.0
94.0,113.0,3.0
94.0,114.0,3.0
94.0,115.0,3.0
94.0,116.0,3.0
94.0,117.0,3.0
94.0,118.0,3.0
94.0,119.0,3.0
94.0,120.0,3.0
95.0,96.0,3.0
95.0,97.0,3.0
95.0,98.0,3.0
95.0,99.0,3.0
95.0,100.0,3.0
95.0,101.0,3.0
95.0,102.0,3.0
95.0,103.0,3.0
95.0,104.0,3.0
95.0,105.0,3.0
95.0,106.0,3.0
95.0,107.0,3.0
95.0,108.0,3.0
95.0,109.0,3.0
95.0,110.0,3.0
95.0,111.0,3.0
95.0,112.0,3.0
95.0,113.0,3.0
95.0,114.0,3.0
95.0,115.0,3.0
95.0,116.0,3.0
95.0,117.0,3.0
95.0,118.0,3.0
95.0,119.0,3.0
95.0,120.0,3.0
96.0,97.0,3.0
96.0,98.0,3.0
96.0,99.0,3.0
96.0,100.0,3.0
96.0,101.0,3.0
96.0,102.0,3.0
96.0,103.0,3.0
96.0,104.0,3.0
96.0,105.0,3.0
96.0,106.0,3.0
96.0,107.0,3.0
96.0,108.0,3.0
96.0,109.0,3.0
96.0,110.0,3.0
96.0,111.0,3.0
96.0,112.0,3.0
96.0,113.0,3.0
96.0,114.0,3.0
96.0,115.0,3.0
96.0,116.0,3.0
96.0,117.0,3.0
96.0,118.0,3.0
96.0,119.0,3.0
96.0,120.0,3.0
97.0,98.0,3.0
97.0,99.0,3.0
97.0,100.0,3.0
97.0,101.0,3.0
97.0,102.0,3.0
97.0,103.0,3.0
97.0,104.0,3.0
97.0,105.0,3.0
97.0,106.0,3.0
97.0,107.0,3.0
97.0,108.0,3.0
97.0,109.0,3.0
97.0,110.0,3.0
97.0,111.0,3.0
97.0,112.0,3.0
97.0,113.0,3.0
97.0,114.0,3.0
97.0,115.0,3.0
97.0,116.0,3.0
97.0,117.0,3.0
97.0,118.0,3.0
97.0,119.0,3.0
97.0,120.0,3.0
98.0,99.0,3.0
98.0,100.0,3.0
98.0,101.0,3.0
98.0,102.0,3.0
98.0,103.0,3.0
98.0,104.0,3.0
98.0,105.0,3.0
98.0,106.0,3.0
98.0,107.0,3.0
98.0,108.0,3.0
98.0,109.0,3.0
98.0,110.0,3.0
98.0,111.0,3.0
98.0,112.0,3.0
98.0,113.0,3.0
98.0,114.0,3.0
98.0,115.0,3.0
98.0,116.0,3.0
98.0,117.0,3.0
98.0,118.0,3.0
98.0,119.0,3.0
98.0,120.0,3.0
99.0,100.0,3.0
99.0,101.0,3.0
99.0,102.0,3.0
99.0,103.0,3.0
99.0,104.0,3.0
99.0,105.0,3.0
99.0,106.0,3.0
99.0,107.0,3.0
99.0,108.0,3.0
99.0,109.0,3.0
99.0,110.0,3.0
99.0,111.0,3.0
99.0,112.0,3.0
99.0,113.0,3.0
99.0,114.0,3.0
99.0,115.0,3.0
99.0,116.0,3.0
99.0,117.0,3.0
99.0,118.0,3.0
99.0,119.0,3.0
99.0,120.0,3.0
100.0,101.0,3.0
100.0,102.0,3.0
100.0,103.0,3.0
100.0,104.0,3.0
100.0,105.0,3.0
100.0,106.0,3.0
100.0,107.0,3.0
100.0,108.0,3.0
100.0,109.0,3.0
100.0,110.0,3.0
100.0,111.0,3.0
100.0,112.0,3.0
100.0,113.0,3.0
100.0,114.0,3.0
100.0,115.0,3.0
100.0,116.0,3.0
100.0,117.0,3.0
100.0,118.0,3.0
100.0,119.0,3.0
100.0,120.0,3.0
101.0,102.0,3.0
101.0,103.0,3.0
101.0,104.0,3.0
101.0,105.0,3.0
101.0,106.0,3.0
101.0,107.0,3.0
101.0,108.0,3.0
101.0,109.0,3.0
101.0,110.0,3.0
101.0,111.0,3.0
101.0,112.0,3.0
101.0,113.0,3.0
101.0,114.0,3.0
101.0,115.0,3.0
101.0,116.0,3.0
101.0,117.0,3.0
101.0,118.0,3.0
101.0,119.0,3.0
101.0,120.0,3.0
102.0,103.0,3.0
102.0,104.0,3.0
102.0,105.0,3.0
102.0,106.0,3.0
102.0,107.0,3.0
102.0,108.0,3.0
102.0,109.0,3.0
102.0,110.0,3.0
102.0,111.0,3.0
102.0,112.0,3.0
102.0,113.0,3.0
102.0,114.0,3.0
102.0,115.0,3.0
102.0,116.0,3.0
102.0,117.0,3.0
102.0,118.0,3.0
102.0,119.0,3.0
102.0,120.0,3.0
103.0,104.0,3.0
103.0,105.0,3.0
103.0,106.0,3.0
103.0,107.0,3.0
103.0,108.0,3.0
103.0,109.0,3.0
103.0,110.0,3.0
103.0,111.0,3.0
103.0,112.0,3.0
103.0,113.0,3.0
103.0,114.0,3.0
103.0,115.0,3.0
103.0,116.0,3.0
103.0,117.0,3.0
103.0,118.0,3.0
103.0,119.0,3.0
103.0,120.0,3.0
104.0,105.0,3.0
104.0,106.0,3.0
104.0,107.0,3.0
104.0,108.0,3.0
104.0,109.0,3.0
104.0,110.0,3.0
104.0,111.0,3.0
104.0,112.0,3.0
104.0,113.0,3.0
104.0,114.0,3.0
104.0,115.0,3.0
104.0,116.0,3.0
104.0,117.0,3.0
104.0,118.0,3.0
104.0,119.0,3.0
104.0,120.0,3.0
105.0,106.0,3.0
105.0,107.0,3.0
105.0,108.0,3.0
105.0,109.0,3.0
105.0,110.0,3.0
105.0,111.0,3.0
105.0,112.0,3.0
105.0,113.0,3.0
105.0,114.0,3.0
105.0,115.0,3.0
105.0,116.0,3.0
105.0,117.0,3.0
105.0,118.0,3.0
105.0,119.0,3.0
105.0,120.0,3.0
106.0,107.0,3.0
106.0,108.0,3.0
106.0,109.0,3.0
106.0,110.0,3.0
106.0,111.0,3.0
106.0,112.0,3.0
106.0,113.0,3.0
106.0,114.0,3.0
106.0,115.0,3.0
106.0,116.0,3.0
106.0,117.0,3.0
106.0,118.0,3.0
106.0,119.0,3.0
106.0,120.0,3.0
107.0,108.0,3.0
107.0,109.0,3.0
107.0,110.0,3.0
107.0,111.0,3.0
107.0,112.0,3.0
107.0,113.0,3.0
107.0,114.0,3.0
107.0,115.0,3.0
107.0,116.0,3.0
107.0,117.0,3.0
107.0,118.0,3.0
107.0,119.0,3.0
107.0,120.0,3.0
108.0,109.0,3.0
108.0,110.0,3.0
108.0,111.0,3.0
108.0,112.0,3.0
108.0,113.0,3.0
108.0,114.0,3.0
108.0,115.0,3.0
108.0,116.0,3.0
108.0,117.0,3.0
108.0,118.0,3.0
108.0,119.0,3.0
108.0,120.0,3.0
109.0,110.0,3.0
109.0,111.0,3.0
109.0,112.0,3.0
109.0,113.0,3.0
109.0,114.0,3.0
109.0,115.0,3.0
109.0,116.0,3.0
109.0,117.0,3.0
109.0,118.0,3.0
109.0,119.0,3.0
109.0,120.0,3.0
110.0,111.0,3.0
110.0,112.0,3.0
110.0,113.0,3.0
110.0,114.0,3.0
110.0,115.0,3.0
110.0,116.0,3.0
110.0,117.0,3.0
110.0,118.0,3.0
110.0,119.0,3.0
110.0,120.0,3.0
111.0,112.0,3.0
111.0,113.0,3.0
111.0,114.0,3.0
111.0,115.0,3.0
111.0,116.0,3.0
111.0,117.0,3.0
111.0,118.0,3.0
111.0,119.0,3.0
111.0,120.0,3.0
112.0,113.0,3.0
112.0,114.0,3.0
112.0,115.0,3.0
112.0,116.0,3.0
112.0,117.0,3.0
112.0,118.0,3.0
112.0,119.0,3.0
112.0,120.0,3.0
113.0,114.0,3.0
113.0,115.0,3.0
113.0,116.0,3.0
113.0,117.0,3.0
113.0,118.0,3.0
113.0,119.0,3.0
113.0,120.0,3.0
114.0,115.0,3.0
114.0,116.0,3.0
114.0,117.0,3.0
114.0,118.0,3.0
114.0,119.0,3.0
114.0,120.0,3.0
115.0,116.0,3.0
115.0,117.0,3.0
115.0,118.0,3.0
115.0,119.0,3.0
115.0,120.0,3.0
116.0,117.0,3.0
116.0,118.0,3.0
116.0,119.0,3.0
116.0,120.0,3.0
117.0,118.0,3.0
117.0,119.0,3.0
117.0,120.0,3.0
118.0,119.0,3.0
118.0,120.0,3.0
119.0,120.0,3.0
121.0,122.0,4.0
121.0,123.0,4.0
121.0,124.0,4.0
121.0,125.0,4.0
121.0,126.0,4.0
121.0,127.0,4.0
121.0,128.0,4.0
121.0,129.0,4.0
121.0,130.0,4.0
121.0,131.0,4.0
121.0,132.0,4.0
121.0,133.0,4.0
121.0,134.0,4.0
121.0,135.0,4.0
121.0,136.0,4.0
121.0,137.0,4.0
121.0,138.0,4.0
121.0,139.0,4.0
121.0,140.0,4.0
121.0,141.0,4.0
121.0,142.0,4.0
121.0,143.0,4.0
121.0,144.0,4.0
121.0,145.0,4.0
121.0,146.0,4.0
121.0,147.0,4.0
121.0,148.0,4.0
121.0,149.0,4.0
121.0,150.0,4.0
121.0,151.0,4.0
121.0,152.0,4.0
121.0,153.0,4.0
121.0,154.0,4.0
121.0,155.0,4.0
121.0,156.0,4.0
121.0,157.0,4.0
121.0,158.0,4.0
121.0,159.0,4.0
121.0,160.0,4.0
122.0,123.0,4.0
122.0,124.0,4.0
122.0,125.0,4.0
122.0,126.0,4.0
122.0,127.0,4.0
122.0,128.0,4.0
122.0,129.0,4.0
122.0,130.0,4.0
122.0,131.0,4.0
122.0,132.0,4.0
122.0,133.0,4.0
122.0,134.0,4.0
122.0,135.0,4.0
122.0,136.0,4.0
122.0,137.0,4.0
122.0,138.0,4.0
122.0,139.0,4.0
122.0,140.0,4.0
122.0,141.0,4.0
122.0,142.0,4.0
122.0,143.0,4.0
122.0,144.0,4.0
122.0,145.0,4.0
122.0,146.0,4.0
122.0,147.0,4.0
122.0,148.0,4.0
122.0,149.0,4.0
122.0,150.0,4.0
122.0,151.0,4.0
122.0,152.0,4.0
122.0,153.0,4.0
122.0,154.0,4.0
122.0,155.0,4.0
122.0,156.0,4.0
122.0,157.0,4.0
122.0,158.0,4.0
122.0,159.0,4.0
122.0,160.0,4.0
123.0,124.0,4.0
123.0,125.0,4.0
123.0,126.0,4.0
123.0,127.0,4.0
123.0,128.0,4.0
123.0,129.0,4.0
123.0,130.0,4.0
123.0,131.0,4.0
123.0,132.0,4.0
123.0,133.0,4.0
123.0,134.0,4.0
123.0,135.0,4.0
123.0,136.0,4.0
123.0,137.0,4.0
123.0,138.0,4.0
123.0,139.0,4.0
123.0,140.0,4.0
123.0,141.0,4.0
123.0,142.0,4.0
123.0,143.0,4.0
123.0,144.0,4.0
123.0,145.0,4.0
123.0,146.0,4.0
123.0,147.0,4.0
123.0,148.0,4.0
123.0,149.0,4.0
123.0,150.0,4.0
123.0,151.0,4.0
123.0,152.0,4.0
123.0,153.0,4.0
123.0,154.0,4.0
123.0,155.0,4.0
123.0,156.0,4.0
123.0,157.0,4.0
123.0,158.0,4.0
123.0,159.0,4.0
123.0,160.0,4.0
124.0,125.0,4.0
124.0,126.0,4.0
124.0,127.0,4.0
124.0,128.0,4.0
124.0,129.0,4.0
124.0,130.0,4.0
124.0,131.0,4.0
124.0,132.0,4.0
124.0,133.0,4.0
124.0,134.0,4.0
124.0,135.0,4.0
124.0,136.0,4.0
124.0,137.0,4.0
124.0,138.0,4.0
124.0,139.0,4.0
124.0,140.0,4.0
124.0,141.0,4.0
124.0,142.0,4.0
124.0,143.0,4.0
124.0,144.0,4.0
124.0,145.0,4.0
124.0,146.0,4.0
124.0,147.0,4.0
124.0,148.0,4.0
124.0,149.0,4.0
124.0,150.0,4.0
124.0,151.0,4.0
124.0,152.0,4.0
124.0,153.0,4.0
124.0,154.0,4.0
124.0,155.0,4.0
124.0,156.0,4.0
124.0,157.0,4.0
124.0,158.0,4.0
124.0,159.0,4.0
124.0,160.0,4.0
125.0,126.0,4.0
125.0,127.0,4.0
125.0,128.0,4.0
125.0,129.0,4.0
125.0,130.0,4.0
125.0,131.0,4.0
125.0,132.0,4.0
125.0,133.0,4.0
125.0,134.0,4.0
125.0,135.0,4.0
125.0,136.0,4.0
125.0,137.0,4.0
125.0,138.0,4.0
125.0,139.0,4.0
125.0,140.0,4.0
125.0,141.0,4.0
125.0,142.0,4.0
125.0,143.0,4.0
125.0,144.0,4.0
125.0,145.0,4.0
125.0,146.0,4.0
125.0,147.0,4.0
125.0,148.0,4.0
125.0,149.0,4.0
125.0,150.0,4.0
125.0,151.0,4.0
125.0,152.0,4.0
125.0,153.0,4.0
125.0,154.0,4.0
125.0,155.0,4.0
125.0,156.0,4.0
125.0,157.0,4.0
125.0,158.0,4.0
125.0,159.0,4.0
125.0,160.0,4.0
126.0,127.0,4.0
126.0,128.0,4.0
126.0,129.0,4.0
126.0,130.0,4.0
126.0,131.0,4.0
126.0,132.0,4.0
126.0,133.0,4.0
126.0,134.0,4.0
126.0,135.0,4.0
126.0,136.0,4.0
126.0,137.0,4.0
126.0,138.0,4.0
126.0,139.0,4.0
126.0,140.0,4.0
126.0,141.0,4.0
126.0,142.0,4.0
126.0,143.0,4.0
126.0,144.0,4.0
126.0,145.0,4.0
126.0,146.0,4.0
126.0,147.0,4.0
126.0,148.0,4.0
126.0,149.0,4.0
126.0,150.0,4.0
126.0,151.0,4.0
126.0,152.0,4.0
126.0,153.0,4.0
126.0,154.0,4.0
126.0,155.0,4.0
126.0,156.0,4.0
126.0,157.0,4.0
126.0,158.0,4.0
126.0,159.0,4.0
126.0,160.0,4.0
127.0,128.0,4.0
127.0,129.0,4.0
127.0,130.0,4.0
127.0,131.0,4.0
127.0,132.0,4.0
127.0,133.0,4.0
127.0,134.0,4.0
127.0,135.0,4.0
127.0,136.0,4.0
127.0,137.0,4.0
127.0,138.0,4.0
127.0,139.0,4.0
127.0,140.0,4.0
127.0,141.0,4.0
127.0,142.0,4.0
127.0,143.0,4.0
127.0,144.0,4.0
127.0,145.0,4.0
127.0,146.0,4.0
127.0,147.0,4.0
127.0,148.0,4.0
127.0,149.0,4.0
127.0,150.0,4.0
127.0,151.0,4.0
127.0,152.0,4.0
127.0,153.0,4.0
127.0,154.0,4.0
127.0,155.0,4.0
127.0,156.0,4.0
127.0,157.0,4.0
127.0,158.0,4.0
127.0,159.0,4.0
127.0,160.0,4.0
128.0,129.0,4.0
128.0,130.0,4.0
128.0,131.0,4.0
128.0,132.0,4.0
128.0,133.0,4.0
128.0,134.0,4.0
128.0,135.0,4.0
128.0,136.0,4.0
128.0,137.0,4.0
128.0,138.0,4.0
128.0,139.0,4.0
128.0,140.0,4.0
128.0,141.0,4.0
128.0,142.0,4.0
128.0,143.0,4.0
128.0,144.0,4.0
128.0,145.0,4.0
128.0,146.0,4.0
128.0,147.0,4.0
128.0,148.0,4.0
128.0,149.0,4.0
128.0,150.0,4.0
128.0,151.0,4.0
128.0,152.0,4.0
128.0,153.0,4.0
128.0,154.0,4.0
128.0,155.0,4.0
128.0,156.0,4.0
128.0,157.0,4.0
128.0,158.0,4.0
128.0,159.0,4.0
128.0,160.0,4.0
129.0,130.0,4.0
129.0,131.0,4.0
129.0,132.0,4.0
129.0,133.0,4.0
129.0,134.0,4.0
129.0,135.0,4.0
129.0,136.0,4.0
129.0,137.0,4.0
129.0,138.0,4.0
129.0,139.0,4.0
129.0,140.0,4.0
129.0,141.0,4.0
129.0,142.0,4.0
129.0,143.0,4.0
129.0,144.0,4.0
129.0,145.0,4.0
129.0,146.0,4.0
129.0,147.0,4.0
129.0,148.0,4.0
129.0,149.0,4.0
129.0,150.0,4.0
129.0,151.0,4.0
129.0,152.0,4.0
129.0,153.0,4.0
129.0,154.0,4.0
129.0,155.0,4.0
129.0,156.0,4.0
129.0,157.0,4.0
129.0,158.0,4.0
129.0,159.0,4.0
129.0,160.0,4.0
130.0,131.0,4.0
130.0,132.0,4.0
130.0,133.0,4.0
130.0,134.0,4.0
130.0,135.0,4.0
130.0,136.0,4.0
130.0,137.0,4.0
130.0,138.0,4.0
130.0,139.0,4.0
130.0,140.0,4.0
130.0,141.0,4.0
130.0,142.0,4.0
130.0,143.0,4.0
130.0,144.0,4.0
130.0,145.0,4.0
130.0,146.0,4.0
130.0,147.0,4.0
130.0,148.0,4.0
130.0,149.0,4.0
130.0,150.0,4.0
130.0,151.0,4.0
130.0,152.0,4.0
130.0,153.0,4.0
130.0,154.0,4.0
130.0,155.0,4.0
130.0,156.0,4.0
130.0,157.0,4.0
130.0,158.0,4.0
130.0,159.0,4.0
130.0,160.0,4.0
131.0,132.0,4.0
131.0,133.0,4.0
131.0,134.0,4.0
131.0,135.0,4.0
131.0,136.0,4.0
131.0,137.0,4.0
131.0,138.0,4.0
131.0,139.0,4.0
131.0,140.0,4.0
131.0,141.0,4.0
131.0,142.0,4.0
131.0,143.0,4.0
131.0,144.0,4.0
131.0,145.0,4.0
131.0,146.0,4.0
131.0,147.0,4.0
131.0,148.0,4.0
131.0,149.0,4.0
131.0,150.0,4.0
131.0,151.0,4.0
131.0,152.0,4.0
131.0,153.0,4.0
131.0,154.0,4.0
131.0,155.0,4.0
131.0,156.0,4.0
131.0,157.0,4.0
131.0,158.0,4.0
131.0,159.0,4.0
131.0,160.0,4.0
132.0,133.0,4.0
132.0,134.0,4.0
132.0,135.0,4.0
132.0,136.0,4.0
132.0,137.0,4.0
132.0,138.0,4.0
132.0,139.0,4.0
132.0,140.0,4.0
132.0,141.0,4.0
132.0,142.0,4.0
132.0,143.0,4.0
132.0,144.0,4.0
132.0,145.0,4.0
132.0,146.0,4.0
132.0,147.0,4.0
132.0,148.0,4.0
132.0,149.0,4.0
132.0,150.0,4.0
132.0,151.0,4.0
132.0,152.0,4.0
132.0,153.0,4.0
132.0,154.0,4.0
132.0,155.0,4.0
132.0,156.0,4.0
132.0,157.0,4.0
132.0,158.0,4.0
132.0,159.0,4.0
132.0,160.0,4.0
133.0,134.0,4.0
133.0,135.0,4.0
133.0,136.0,4.0
133.0,137.0,4.0
133.0,138.0,4.0
133.0,139.0,4.0
133.0,140.0,4.0
133.0,141.0,4.0
133.0,142.0,4.0
133.0,143.0,4.0
133.0,144.0,4.0
133.0,145.0,4.0
133.0,146.0,4.0
133.0,147.0,4.0
133.0,148.0,4.0
133.0,149.0,4.0
133.0,150.0,4.0
133.0,151.0,4.0
133.0,152.0,4.0
133.0,153.0,4.0
133.0,154.0,4.0
133.0,155.0,4.0
133.0,156.0,4.0
133.0,157.0,4.0
133.0,158.0,4.0
133.0,159.0,4.0
133.0,160.0,4.0
134.0,135.0,4.0
134.0,136.0,4.0
134.0,137.0,4.0
134.0,138.0,4.0
134.0,139.0,4.0
134.0,140.0,4.0
134.0,141.0,4.0
134.0,142.0,4.0
134.0,143.0,4.0
134.0,144.0,4.0
134.0,145.0,4.0
134.0,146.0,4.0
134.0,147.0,4.0
134.0,148.0,4.0
134.0,149.0,4.0
134.0,150.0,4.0
134.0,151.0,4.0
134.0,152.0,4.0
134.0,153.0,4.0
134.0,154.0,4.0
134.0,155.0,4.0
134.0,156.0,4.0
134.0,157.0,4.0
134.0,158.0,4.0
134.0,159.0,4.0
134.0,160.0,4.0
135.0,136.0,4.0
135.0,137.0,4.0
135.0,138.0,4.0
135.0,139.0,4.0
135.0,140.0,4.0
135.0,141.0,4.0
135.0,142.0,4.0
135.0,143.0,4.0
135.0,144.0,4.0
135.0,145.0,4.0
135.0,146.0,4.0
135.0,147.0,4.0
135.0,148.0,4.0
135.0,149.0,4.0
135.0,150.0,4.0
135.0,151.0,4.0
135.0,152.0,4.0
135.0,153.0,4.0
135.0,154.0,4.0
135.0,155.0,4.0
135.0,156.0,4.0
135.0,157.0,4.0
135.0,158.0,4.0
135.0,159.0,4.0
135.0,160.0,4.0
136.0,137.0,4.0
136.0,138.0,4.0
136.0,139.0,4.0
136.0,140.0,4.0
136.0,141.0,4.0
136.0,142.0,4.0
136.0,143.0,4.0
136.0,144.0,4.0
136.0,145.0,4.0
136.0,146.0,4.0
136.0,147.0,4.0
136.0,148.0,4.0
136.0,149.0,4.0
136.0,150.0,4.0
136.0,151.0,4.0
136.0,152.0,4.0
136.0,153.0,4.0
136.0,154.0,4.0
136.0,155.0,4.0
136.0,156.0,4.0
136.0,157.0,4.0
136.0,158.0,4.0
136.0,159.0,4.0
136.0,160.0,4.0
137.0,138.0,4.0
137.0,139.0,4.0
137.0,140.0,4.0
137.0,141.0,4.0
137.0,142.0,4.0
137.0,143.0,4.0
137.0,144.0,4.0
137.0,145.0,4.0
137.0,146.0,4.0
137.0,147.0,4.0
137.0,148.0,4.0
137.0,149.0,4.0
137.0,150.0,4.0
137.0,151.0,4.0
137.0,152.0,4.0
137.0,153.0,4.0
137.0,154.0,4.0
137.0,155.0,4.0
137.0,156.0,4.0
137.0,157.0,4.0
137.0,158.0,4.0
137.0,159.0,4.0
137.0,160.0,4.0
138.0,139.0,4.0
138.0,140.0,4.0
138.0,141.0,4.0
138.0,142.0,4.0
138.0,143.0,4.0
138.0,144.0,4.0
138.0,145.0,4.0
138.0,146.0,4.0
138.0,147.0,4.0
138.0,148.0,4.0
138.0,149.0,4.0
138.0,150.0,4.0
138.0,151.0,4.0
138.0,152.0,4.0
138.0,153.0,4.0
138.0,154.0,4.0
138.0,155.0,4.0
138.0,156.0,4.0
138.0,157.0,4.0
138.0,158.0,4.0
138.0,159.0,4.0
138.0,160.0,4.0
139.0,140.0,4.0
139.0,141.0,4.0
139.0,142.0,4.0
139.0,143.0,4.0
139.0,144.0,4.0
139.0,145.0,4.0
139.0,146.0,4.0
139.0,147.0,4.0
139.0,148.0,4.0
139.0,149.0,4.0
139.0,150.0,4.0
139.0,151.0,4.0
139.0,152.0,4.0
139.0,153.0,4.0
139.0,154.0,4.0
139.0,155.0,4.0
139.0,156.0,4.0
139.0,157.0,4.0
139.0,158.0,4.0
139.0,159.0,4.0
139.0,160.0,4.0
140.0,141.0,4.0
140.0,142.0,4.0
140.0,143.0,4.0
140.0,144.0,4.0
140.0,145.0,4.0
140.0,146.0,4.0
140.0,147.0,4.0
140.0,148.0,4.0
140.0,149.0,4.0
140.0,150.0,4.0
140.0,151.0,4.0
140.0,152.0,4.0
140.0,153.0,4.0
140.0,154.0,4.0
140.0,155.0,4.0
140.0,156.0,4.0
140.0,157.0,4.0
140.0,158.0,4.0
140.0,159.0,4.0
140.0,160.0,4.0
141.0,142.0,4.0
141.0,143.0,4.0
141.0,144.0,4.0
141.0,145.0,4.0
141.0,146.0,4.0
141.0,147.0,4.0
141.0,148.0,4.0
141.0,149.0,4.0
141.0,150.0,4.0
141.0,151.0,4.0
141.0,152.0,4.0
141.0,153.0,4.0
141.0,154.0,4.0
141.0,155.0,4.0
141.0,156.0,4.0
141.0,157.0,4.0
141.0,158.0,4.0
141.0,159.0,4.0
141.0,160.0,4.0
142.0,143.0,4.0
142.0,144.0,4.0
142.0,145.0,4.0
142.0,146.0,4.0
142.0,147.0,4.0
142.0,148.0,4.0
142.0,149.0,4.0
142.0,150.0,4.0
142.0,151.0,4.0
142.0,152.0,4.0
142.0,153.0,4.0
142.0,154.0,4.0
142.0,155.0,4.0
142.0,156.0,4.0
142.0,157.0,4.0
142.0,158.0,4.0
142.0,159.0,4.0
142.0,160.0,4.0
143.0,144.0,4.0
143.0,145.0,4.0
143.0,146.0,4.0
143.0,147.0,4.0
143.0,148.0,4.0
143.0,149.0,4.0
143.0,150.0,4.0
143.0,151.0,4.0
143.0,152.0,4.0
143.0,153.0,4.0
143.0,154.0,4.0
143.0,155.0,4.0
143.0,156.0,4.0
143.0,157.0,4.0
143.0,158.0,4.0
143.0,159.0,4.0
143.0,160.0,4.0
144.0,145.0,4.0
144.0,146.0,4.0
144.0,147.0,4.0
144.0,148.0,4.0
144.0,149.0,4.0
144.0,150.0,4.0
144.0,151.0,4.0
144.0,152.0,4.0
144.0,153.0,4.0
144.0,154.0,4.0
144.0,155.0,4.0
144.0,156.0,4.0
144.0,157.0,4.0
144.0,158.0,4.0
144.0,159.0,4.0
144.0,160.0,4.0
145.0,146.0,4.0
145.0,147.0,4.0
145.0,148.0,4.0
145.0,149.0,4.0
145.0,150.0,4.0
145.0,151.0,4.0
145.0,152.0,4.0
145.0,153.0,4.0
145.0,154.0,4.0
145.0,155.0,4.0
145.0,156.0,4.0
145.0,157.0,4.0
145.0,158.0,4.0
145.0,159.0,4.0
145.0,160.0,4.0
146.0,147.0,4.0
146.0,148.0,4.0
146.0,149.0,4.0
146.0,150.0,4.0
146.0,151.0,4.0
146.0,152.0,4.0
146.0,153.0,4.0
146.0,154.0,4.0
146.0,155.0,4.0
146.0,156.0,4.0
146.0,157.0,4.0
146.0,158.0,4.0
146.0,159.0,4.0
146.0,160.0,4.0
147.0,148.0,4.0
147.0,149.0,4.0
147.0,150.0,4.0
147.0,151.0,4.0
147.0,152.0,4.0
147.0,153.0,4.0
147.0,154.0,4.0
147.0,155.0,4.0
147.0,156.0,4.0
147.0,157.0,4.0
147.0,158.0,4.0
147.0,159.0,4.0
147.0,160.0,4.0
148.0,149.0,4.0
148.0,150.0,4.0
148.0,151.0,4.0
148.0,152.0,4.0
148.0,153.0,4.0
148.0,154.0,4.0
148.0,155.0,4.0
148.0,156.0,4.0
148.0,157.0,4.0
148.0,158.0,4.0
148.0,159.0,4.0
148.0,160.0,4.0
149.0,150.0,4.0
149.0,151.0,4.0
149.0,152.0,4.0
149.0,153.0,4.0
149.0,154.0,4.0
149.0,155.0,4.0
149.0,156.0,4.0
149.0,157.0,4.0
149.0,158.0,4.0
149.0,159.0,4.0
149.0,160.0,4.0
150.0,151.0,4.0
150.0,152.0,4.0
150.0,153.0,4.0
150.0,154.0,4.0
150.0,155.0,4.0
150.0,156.0,4.0
150.0,157.0,4.0
150.0,158.0,4.0
150.0,159.0,4.0
150.0,160.0,4.0
151.0,152.0,4.0
151.0,153.0,4.0
151.0,154.0,4.0
151.0,155.0,4.0
151.0,156.0,4.0
151.0,157.0,4.0
151.0,158.0,4.0
151.0,159.0,4.0
151.0,160.0,4.0
152.0,153.0,4.0
152.0,154.0,4.0
152.0,155.0,4.0
152.0,156.0,4.0
152.0,157.0,4.0
152.0,158.0,4.0
152.0,159.0,4.0
152.0,160.0,4.0
153.0,154.0,4.0
153.0,155.0,4.0
153.0,156.0,4.0
153.0,157.0,4.0
153.0,158.0,4.0
153.0,159.0,4.0
153.0,160.0,4.0
154.0,155.0,4.0
154.0,156.0,4.0
154.0,157.0,4.0
154.0,158.0,4.0
154.0,159.0,4.0
154.0,160.0,4.0
155.0,156.0,4.0
155.0,157.0,4.0
155.0,158.0,4.0
155.0,159.0,4.0
155.0,160.0,4.0
156.0,157.0,4.0
156.0,158.0,4.0
156.0,159.0,4.0
156.0,160.0,4.0
157.0,158.0,4.0
157.0,159.0,4.0
157.0,160.0,4.0
158.0,159.0,4.0
158.0,160.0,4.0
159.0,160.0,4.0
161.0,162.0,5.0
161.0,163.0,5.0
161.0,164.0,5.0
161.0,165.0,5.0
161.0,166.0,5.0
161.0,167.0,5.0
161.0,168.0,5.0
161.0,169.0,5.0
161.0,170.0,5.0
161.0,171.0,5.0
161.0,172.0,5.0
161.0,173.0,5.0
161.0,174.0,5.0
161.0,175.0,5.0
161.0,176.0,5.0
161.0,177.0,5.0
161.0,178.0,5.0
161.0,179.0,5.0
161.0,180.0,5.0
161.0,181.0,5.0
161.0,182.0,5.0
161.0,183.0,5.0
161.0,184.0,5.0
161.0,185.0,5.0
161.0,186.0,5.0
161.0,187.0,5.0
161.0,188.0,5.0
161.0,189.0,5.0
161.0,190.0,5.0
161.0,191.0,5.0
161.0,192.0,5.0
161.0,193.0,5.0
161.0,194.0,5.0
161.0,195.0,5.0
161.0,196.0,5.0
161.0,197.0,5.0
161.0,198.0,5.0
161.0,199.0,5.0
161.0,200.0,5.0
162.0,163.0,5.0
162.0,164.0,5.0
162.0,165.0,5.0
162.0,166.0,5.0
162.0,167.0,5.0
162.0,168.0,5.0
162.0,169.0,5.0
162.0,170.0,5.0
162.0,171.0,5.0
162.0,172.0,5.0
162.0,173.0,5.0
162.0,174.0,5.0
162.0,175.0,5.0
162.0,176.0,5.0
162.0,177.0,5.0
162.0,178.0,5.0
162.0,179.0,5.0
162.0,180.0,5.0
162.0,181.0,5.0
162.0,182.0,5.0
162.0,183.0,5.0
162.0,184.0,5.0
162.0,185.0,5.0
162.0,186.0,5.0
162.0,187.0,5.0
162.0,188.0,5.0
162.0,189.0,5.0
162.0,190.0,5.0
162.0,191.0,5.0
162.0,192.0,5.0
162.0,193.0,5.0
162.0,194.0,5.0
162.0,195.0,5.0
162.0,196.0,5.0
162.0,197.0,5.0
162.0,198.0,5.0
162.0,199.0,5.0
162.0,200.0,5.0
163.0,164.0,5.0
163.0,165.0,5.0
163.0,166.0,5.0
163.0,167.0,5.0
163.0,168.0,5.0
163.0,169.0,5.0
163.0,170.0,5.0
163.0,171.0,5.0
163.0,172.0,5.0
163.0,173.0,5.0
163.0,174.0,5.0
163.0,175.0,5.0
163.0,176.0,5.0
163.0,177.0,5.0
163.0,178.0,5.0
163.0,179.0,5.0
163.0,180.0,5.0
163.0,181.0,5.0
163.0,182.0,5.0
163.0,183.0,5.0
163.0,184.0,5.0
163.0,185.0,5.0
163.0,186.0,5.0
163.0,187.0,5.0
163.0,188.0,5.0
163.0,189.0,5.0
163.0,190.0,5.0
163.0,191.0,5.0
163.0,192.0,5.0
163.0,193.0,5.0
163.0,194.0,5.0
163.0,195.0,5.0
163.0,196.0,5.0
163.0,197.0,5.0
163.0,198.0,5.0
163.0,199.0,5.0
163.0,200.0,5.0
164.0,165.0,5.0
164.0,166.0,5.0
164.0,167.0,5.0
164.0,168.0,5.0
164.0,169.0,5.0
164.0,170.0,5.0
164.0,171.0,5.0
164.0,172.0,5.0
164.0,173.0,5.0
164.0,174.0,5.0
164.0,175.0,5.0
164.0,176.0,5.0
164.0,177.0,5.0
164.0,178.0,5.0
164.0,179.0,5.0
164.0,180.0,5.0
164.0,181.0,5.0
164.0,182.0,5.0
164.0,183.0,5.0
164.0,184.0,5.0
164.0,185.0,5.0
164.0,186.0,5.0
164.0,187.0,5.0
164.0,188.0,5.0
164.0,189.0,5.0
164.0,190.0,5.0
164.0,191.0,5.0
164.0,192.0,5.0
164.0,193.0,5.0
164.0,194.0,5.0
164.0,195.0,5.0
164.0,196.0,5.0
164.0,197.0,5.0
164.0,198.0,5.0
164.0,199.0,5.0
164.0,200.0,5.0
165.0,166.0,5.0
165.0,167.0,5.0
165.0,168.0,5.0
165.0,169.0,5.0
165.0,170.0,5.0
165.0,171.0,5.0
165.0,172.0,5.0
165.0,173.0,5.0
165.0,174.0,5.0
165.0,175.0,5.0
165.0,176.0,5.0
165.0,177.0,5.0
165.0,178.0,5.0
165.0,179.0,5.0
165.0,180.0,5.0
165.0,181.0,5.0
165.0,182.0,5.0
165.0,183.0,5.0
165.0,184.0,5.0
165.0,185.0,5.0
165.0,186.0,5.0
165.0,187.0,5.0
165.0,188.0,5.0
165.0,189.0,5.0
165.0,190.0,5.0
165.0,191.0,5.0
165.0,192.0,5.0
165.0,193.0,5.0
165.0,194.0,5.0
165.0,195.0,5.0
165.0,196.0,5.0
165.0,197.0,5.0
165.0,198.0,5.0
165.0,199.0,5.0
165.0,200.0,5.0
166.0,167.0,5.0
166.0,168.0,5.0
166.0,169.0,5.0
166.0,170.0,5.0
166.0,171.0,5.0
166.0,172.0,5.0
166.0,173.0,5.0
166.0,174.0,5.0
166.0,175.0,5.0
166.0,176.0,5.0
166.0,177.0,5.0
166.0,178.0,5.0
166.0,179.0,5.0
166.0,180.0,5.0
166.0,181.0,5.0
166.0,182.0,5.0
166.0,183.0,5.0
166.0,184.0,5.0
166.0,185.0,5.0
166.0,186.0,5.0
166.0,187.0,5.0
166.0,188.0,5.0
166.0,189.0,5.0
166.0,190.0,5.0
166.0,191.0,5.0
166.0,192.0,5.0
166.0,193.0,5.0
166.0,194.0,5.0
166.0,195.0,5.0
166.0,196.0,5.0
166.0,197.0,5.0
166.0,198.0,5.0
166.0,199.0,5.0
166.0,200.0,5.0
167.0,168.0,5.0
167.0,169.0,5.0
167.0,170.0,5.0
167.0,171.0,5.0
167.0,172.0,5.0
167.0,173.0,5.0
167.0,174.0,5.0
167.0,175.0,5.0
167.0,176.0,5.0
167.0,177.0,5.0
167.0,178.0,5.0
167.0,179.0,5.0
167.0,180.0,5.0
167.0,181.0,5.0
167.0,182.0,5.0
167.0,183.0,5.0
167.0,184.0,5.0
167.0,185.0,5.0
167.0,186.0,5.0
167.0,187.0,5.0
167.0,188.0,5.0
167.0,189.0,5.0
167.0,190.0,5.0
167.0,191.0,5.0
167.0,192.0,5.0
167.0,193.0,5.0
167.0,194.0,5.0
167.0,195.0,5.0
167.0,196.0,5.0
167.0,197.0,5.0
167.0,198.0,5.0
167.0,199.0,5.0
167.0,200.0,5.0
168.0,169.0,5.0
168.0,170.0,5.0
168.0,171.0,5.0
168.0,172.0,5.0
168.0,173.0,5.0
168.0,174.0,5.0
168.0,175.0,5.0
168.0,176.0,5.0
168.0,177.0,5.0
168.0,178.0,5.0
168.0,179.0,5.0
168.0,180.0,5.0
168.0,181.0,5.0
168.0,182.0,5.0
168.0,183.0,5.0
168.0,184.0,5.0
168.0,185.0,5.0
168.0,186.0,5.0
168.0,187.0,5.0
168.0,188.0,5.0
168.0,189.0,5.0
168.0,190.0,5.0
168.0,191.0,5.0
168.0,192.0,5.0
168.0,193.0,5.0
168.0,194.0,5.0
168.0,195.0,5.0
168.0,196.0,5.0
168.0,197.0,5.0
168.0,198.0,5.0
168.0,199.0,5.0
168.0,200.0,5.0
169.0,170.0,5.0
169.0,171.0,5.0
169.0,172.0,5.0
169.0,173.0,5.0
169.0,174.0,5.0
169.0,175.0,5.0
169.0,176.0,5.0
169.0,177.0,5.0
169.0,178.0,5.0
169.0,179.0,5.0
169.0,180.0,5.0
169.0,181.0,5.0
169.0,182.0,5.0
169.0,183.0,5.0
169.0,184.0,5.0
169.0,185.0,5.0
169.0,186.0,5.0
169.0,187.0,5.0
169.0,188.0,5.0
169.0,189.0,5.0
169.0,190.0,5.0
169.0,191.0,5.0
169.0,192.0,5.0
169.0,193.0,5.0
169.0,194.0,5.0
169.0,195.0,5.0
169.0,196.0,5.0
169.0,197.0,5.0
169.0,198.0,5.0
169.0,199.0,5.0
169.0,200.0,5.0
170.0,171.0,5.0
170.0,172.0,5.0
170.0,173.0,5.0
170.0,174.0,5.0
170.0,175.0,5.0
170.0,176.0,5.0
170.0,177.0,5.0
170.0,178.0,5.0
170.0,179.0,5.0
170.0,180.0,5.0
170.0,181.0,5.0
170.0,182.0,5.0
170.0,183.0,5.0
170.0,184.0,5.0
170.0,185.0,5.0
170.0,186.0,5.0
170.0,187.0,5.0
170.0,188.0,5.0
170.0,189.0,5.0
170.0,190.0,5.0
170.0,191.0,5.0
170.0,192.0,5.0
170.0,193.0,5.0
170.0,194.0,5.0
170.0,195.0,5.0
170.0,196.0,5.0
170.0,197.0,5.0
170.0,198.0,5.0
170.0,199.0,5.0
170.0,200.0,5.0
171.0,172.0,5.0
171.0,173.0,5.0
171.0,174.0,5.0
171.0,175.0,5.0
171.0,176.0,5.0
171.0,177.0,5.0
171.0,178.0,5.0
171.0,179.0,5.0
171.0,180.0,5.0
171.0,181.0,5.0
171.0,182.0,5.0
171.0,183.0,5.0
171.0,184.0,5.0
171.0,185.0,5.0
171.0,186.0,5.0
171.0,187.0,5.0
171.0,188.0,5.0
171.0,189.0,5.0
171.0,190.0,5.0
171.0,191.0,5.0
171.0,192.0,5.0
171.0,193.0,5.0
171.0,194.0,5.0
171.0,195.0,5.0
171.0,196.0,5.0
171.0,197.0,5.0
171.0,198.0,5.0
171.0,199.0,5.0
171.0,200.0,5.0
172.0,173.0,5.0
172.0,174.0,5.0
172.0,175.0,5.0
172.0,176.0,5.0
172.0,177.0,5.0
172.0,178.0,5.0
172.0,179.0,5.0
172.0,180.0,5.0
172.0,181.0,5.0
172.0,182.0,5.0
172.0,183.0,5.0
172.0,184.0,5.0
172.0,185.0,5.0
172.0,186.0,5.0
172.0,187.0,5.0
172.0,188.0,5.0
172.0,189.0,5.0
172.0,190.0,5.0
172.0,191.0,5.0
172.0,192.0,5.0
172.0,193.0,5.0
172.0,194.0,5.0
172.0,195.0,5.0
172.0,196.0,5.0
172.0,197.0,5.0
172.0,198.0,5.0
172.0,199.0,5.0
172.0,200.0,5.0
173.0,174.0,5.0
173.0,175.0,5.0
173.0,176.0,5.0
173.0,177.0,5.0
173.0,178.0,5.0
173.0,179.0,5.0
173.0,180.0,5.0
173.0,181.0,5.0
173.0,182.0,5.0
173.0,183.0,5.0
173.0,184.0,5.0
173.0,185.0,5.0
173.0,186.0,5.0
173.0,187.0,5.0
173.0,188.0,5.0
173.0,189.0,5.0
173.0,190.0,5.0
173.0,191.0,5.0
173.0,192.0,5.0
173.0,193.0,5.0
173.0,194.0,5.0
173.0,195.0,5.0
173.0,196.0,5.0
173.0,197.0,5.0
173.0,198.0,5.0
173.0,199.0,5.0
173.0,200.0,5.0
174.0,175.0,5.0
174.0,176.0,5.0
174.0,177.0,5.0
174.0,178.0,5.0
174.0,179.0,5.0
174.0,180.0,5.0
174.0,181.0,5.0
174.0,182.0,5.0
174.0,183.0,5.0
174.0,184.0,5.0
174.0,185.0,5.0
174.0,186.0,5.0
174.0,187.0,5.0
174.0,188.0,5.0
174.0,189.0,5.0
174.0,190.0,5.0
174.0,191.0,5.0
174.0,192.0,5.0
174.0,193.0,5.0
174.0,194.0,5.0
174.0,195.0,5.0
174.0,196.0,5.0
174.0,197.0,5.0
174.0,198.0,5.0
174.0,199.0,5.0
174.0,200.0,5.0
175.0,176.0,5.0
175.0,177.0,5.0
175.0,178.0,5.0
175.0,179.0,5.0
175.0,180.0,5.0
175.0,181.0,5.0
175.0,182.0,5.0
175.0,183.0,5.0
175.0,184.0,5.0
175.0,185.0,5.0
175.0,186.0,5.0
175.0,187.0,5.0
175.0,188.0,5.0
175.0,189.0,5.0
175.0,190.0,5.0
175.0,191.0,5.0
175.0,192.0,5.0
175.0,193.0,5.0
175.0,194.0,5.0
175.0,195.0,5.0
175.0,196.0,5.0
175.0,197.0,5.0
175.0,198.0,5.0
175.0,199.0,5.0
175.0,200.0,5.0
176.0,177.0,5.0
176.0,178.0,5.0
176.0,179.0,5.0
176.0,180.0,5.0
176.0,181.0,5.0
176.0,182.0,5.0
176.0,183.0,5.0
176.0,184.0,5.0
176.0,185.0,5.0
176.0,186.0,5.0
176.0,187.0,5.0
176.0,188.0,5.0
176.0,189.0,5.0
176.0,190.0,5.0
176.0,191.0,5.0
176.0,192.0,5.0
176.0,193.0,5.0
176.0,194.0,5.0
176.0,195.0,5.0
176.0,196.0,5.0
176.0,197.0,5.0
176.0,198.0,5.0
176.0,199.0,5.0
176.0,200.0,5.0
177.0,178.0,5.0
177.0,179.0,5.0
177.0,180.0,5.0
177.0,181.0,5.0
177.0,182.0,5.0
177.0,183.0,5.0
177.0,184.0,5.0
177.0,185.0,5.0
177.0,186.0,5.0
177.0,187.0,5.0
177.0,188.0,5.0
177.0,189.0,5.0
177.0,190.0,5.0
177.0,191.0,5.0
177.0,192.0,5.0
177.0,193.0,5.0
177.0,194.0,5.0
177.0,195.0,5.0
177.0,196.0,5.0
177.0,197.0,5.0
177.0,198.0,5.0
177.0,199.0,5.0
177.0,200.0,5.0
178.0,179.0,5.0
178.0,180.0,5.0
178.0,181.0,5.0
178.0,182.0,5.0
178.0,183.0,5.0
178.0,184.0,5.0
178.0,185.0,5.0
178.0,186.0,5.0
178.0,187.0,5.0
178.0,188.0,5.0
178.0,189.0,5.0
178.0,190.0,5.0
178.0,191.0,5.0
178.0,192.0,5.0
178.0,193.0,5.0
178.0,194.0,5.0
178.0,195.0,5.0
178.0,196.0,5.0
178.0,197.0,5.0
178.0,198.0,5.0
178.0,199.0,5.0
178.0,200.0,5.0
179.0,180.0,5.0
179.0,181.0,5.0
179.0,182.0,5.0
179.0,183.0,5.0
179.0,184.0,5.0
179.0,185.0,5.0
179.0,186.0,5.0
179.0,187.0,5.0
179.0,188.0,5.0
179.0,189.0,5.0
179.0,190.0,5.0
179.0,191.0,5.0
179.0,192.0,5.0
179.0,193.0,5.0
179.0,194.0,5.0
179.0,195.0,5.0
179.0,196.0,5.0
179.0,197.0,5.0
179.0,198.0,5.0
179.0,199.0,5.0
179.0,200.0,5.0
180.0,181.0,5.0
180.0,182.0,5.0
180.0,183.0,5.0
180.0,184.0,5.0
180.0,185.0,5.0
180.0,186.0,5.0
180.0,187.0,5.0
180.0,188.0,5.0
180.0,189.0,5.0
180.0,190.0,5.0
180.0,191.0,5.0
180.0,192.0,5.0
180.0,193.0,5.0
180.0,194.0,5.0
180.0,195.0,5.0
180.0,196.0,5.0
180.0,197.0,5.0
180.0,198.0,5.0
180.0,199.0,5.0
180.0,200.0,5.0
181.0,182.0,5.0
181.0,183.0,5.0
181.0,184.0,5.0
181.0,185.0,5.0
181.0,186.0,5.0
181.0,187.0,5.0
181.0,188.0,5.0
181.0,189.0,5.0
181.0,190.0,5.0
181.0,191.0,5.0
181.0,192.0,5.0
181.0,193.0,5.0
181.0,194.0,5.0
181.0,195.0,5.0
181.0,196.0,5.0
181.0,197.0,5.0
181.0,198.0,5.0
181.0,199.0,5.0
181.0,200.0,5.0
182.0,183.0,5.0
182.0,184.0,5.0
182.0,185.0,5.0
182.0,186.0,5.0
182.0,187.0,5.0
182.0,188.0,5.0
182.0,189.0,5.0
182.0,190.0,5.0
182.0,191.0,5.0
182.0,192.0,5.0
182.0,193.0,5.0
182.0,194.0,5.0
182.0,195.0,5.0
182.0,196.0,5.0
182.0,197.0,5.0
182.0,198.0,5.0
182.0,199.0,5.0
182.0,200.0,5.0
183.0,184.0,5.0
183.0,185.0,5.0
183.0,186.0,5.0
183.0,187.0,5.0
183.0,188.0,5.0
183.0,189.0,5.0
183.0,190.0,5.0
183.0,191.0,5.0
183.0,192.0,5.0
183.0,193.0,5.0
183.0,194.0,5.0
183.0,195.0,5.0
183.0,196.0,5.0
183.0,197.0,5.0
183.0,198.0,5.0
183.0,199.0,5.0
183.0,200.0,5.0
184.0,185.0,5.0
184.0,186.0,5.0
184.0,187.0,5.0
184.0,188.0,5.0
184.0,189.0,5.0
184.0,190.0,5.0
184.0,191.0,5.0
184.0,192.0,5.0
184.0,193.0,5.0
184.0,194.0,5.0
184.0,195.0,5.0
184.0,196.0,5.0
184.0,197.0,5.0
184.0,198.0,5.0
184.0,199.0,5.0
184.0,200.0,5.0
185.0,186.0,5.0
185.0,187.0,5.0
185.0,188.0,5.0
185.0,189.0,5.0
185.0,190.0,5.0
185.0,191.0,5.0
185.0,192.0,5.0
185.0,193.0,5.0
185.0,194.0,5.0
185.0,195.0,5.0
185.0,196.0,5.0
185.0,197.0,5.0
185.0,198.0,5.0
185.0,199.0,5.0
185.0,200.0,5.0
186.0,187.0,5.0
186.0,188.0,5.0
186.0,189.0,5.0
186.0,190.0,5.0
186.0,191.0,5.0
186.0,192.0,5.0
186.0,193.0,5.0
186.0,194.0,5.0
186.0,195.0,5.0
186.0,196.0,5.0
186.0,197.0,5.0
186.0,198.0,5.0
186.0,199.0,5.0
186.0,200.0,5.0
187.0,188.0,5.0
187.0,189.0,5.0
187.0,190.0,5.0
187.0,191.0,5.0
187.0,192.0,5.0
187.0,193.0,5.0
187.0,194.0,5.0
187.0,195.0,5.0
187.0,196.0,5.0
187.0,197.0,5.0
187.0,198.0,5.0
187.0,199.0,5.0
187.0,200.0,5.0
188.0,189.0,5.0
188.0,190.0,5.0
188.0,191.0,5.0
188.0,192.0,5.0
188.0,193.0,5.0
188.0,194.0,5.0
188.0,195.0,5.0
188.0,196.0,5.0
188.0,197.0,5.0
188.0,198.0,5.0
188.0,199.0,5.0
188.0,200.0,5.0
189.0,190.0,5.0
189.0,191.0,5.0
189.0,192.0,5.0
189.0,193.0,5.0
189.0,194.0,5.0
189.0,195.0,5.0
189.0,196.0,5.0
189.0,197.0,5.0
189.0,198.0,5.0
189.0,199.0,5.0
189.0,200.0,5.0
190.0,191.0,5.0
190.0,192.0,5.0
190.0,193.0,5.0
190.0,194.0,5.0
190.0,195.0,5.0
190.0,196.0,5.0
190.0,197.0,5.0
190.0,198.0,5.0
190.0,199.0,5.0
190.0,200.0,5.0
191.0,192.0,5.0
191.0,193.0,5.0
191.0,194.0,5.0
191.0,195.0,5.0
191.0,196.0,5.0
191.0,197.0,5.0
191.0,198.0,5.0
191.0,199.0,5.0
191.0,200.0,5.0
192.0,193.0,5.0
192.0,194.0,5.0
192.0,195.0,5.0
192.0,196.0,5.0
192.0,197.0,5.0
192.0,198.0,5.0
192.0,199.0,5.0
192.0,200.0,5.0
193.0,194.0,5.0
193.0,195.0,5.0
193.0,196.0,5.0
193.0,197.0,5.0
193.0,198.0,5.0
193.0,199.0,5.0
193.0,200.0,5.0
194.0,195.0,5.0
194.0,196.0,5.0
194.0,197.0,5.0
194.0,198.0,5.0
194.0,199.0,5.0
194.0,200.0,5.0
195.0,196.0,5.0
195.0,197.0,5.0
195.0,198.0,5.0
195.0,199.0,5.0
195.0,200.0,5.0
196.0,197.0,5.0
196.0,198.0,5.0
196.0,199.0,5.0
196.0,200.0,5.0
197.0,198.0,5.0
197.0,199.0,5.0
197.0,200.0,5.0
198.0,199.0,5.0
198.0,200.0,5.0
199.0,200.0,5.0
