Student_ID,Group_ID,Set_ID,Set_Size,Brightness,Noise,Flexibility
S001,1,1,500,89,52,2
S002,1,1,500,42,35,5
S003,1,1,500,30,52,4
S004,1,1,500,25,29,5
S005,1,1,500,53,56,1
S006,1,1,500,53,47,3
S007,1,1,500,49,20,1
S008,2,1,500,35,32,3
S009,2,1,500,88,37,2
S010,2,1,500,57,56,4
S011,2,1,500,81,45,1
S012,2,1,500,54,35,2
S013,2,1,500,27,55,3
S014,2,1,500,81,38,2
S015,2,1,500,64,47,5
S016,3,1,500,41,56,2
S017,3,1,500,82,54,5
S018,3,1,500,29,47,2
S019,3,1,500,71,36,4
S020,3,1,500,76,37,2
S021,3,1,500,81,36,2
S022,3,1,500,49,51,5
S023,3,1,500,40,40,3
S024,3,1,500,67,54,2
S025,3,1,500,69,44,3
S026,4,1,500,58,11,4
S027,4,1,500,58,46,5
S028,4,1,500,61,38,4
S029,4,1,500,77,18,1
S030,4,1,500,55,49,4
S031,5,1,500,40,31,3
S032,5,1,500,19,46,1
S033,5,1,500,45,28,2
S034,5,1,500,62,56,3
S035,5,1,500,23,46,1
S036,5,1,500,73,49,3
S037,5,1,500,53,29,4
S038,5,1,500,78,39,1
S039,5,1,500,67,44,4
S040,5,1,500,21,55,4
S041,6,1,500,81,51,4
S042,6,1,500,74,34,2
S043,6,1,500,63,19,3
S044,6,1,500,38,24,5
S045,6,1,500,60,52,1
S046,6,1,500,67,34,4
S047,6,1,500,51,33,1
S048,6,1,500,77,43,2
S049,6,1,500,32,54,5
S050,6,1,500,70,28,4
S051,7,1,500,19,36,5
S052,7,1,500,77,40,5
S053,8,1,500,73,42,2
S054,8,1,500,83,35,4
S055,9,1,500,63,35,4
S056,9,1,500,45,40,3
S057,9,1,500,58,33,1
S058,10,1,500,100,27,2
S059,11,1,500,81,39,1
S060,11,1,500,81,44,4
S061,11,1,500,76,48,5
S062,11,1,500,62,43,4
S063,11,1,500,40,46,3
S064,11,1,500,49,64,5
S065,12,1,500,68,34,3
S066,12,1,500,82,39,5
S067,13,1,500,38,63,1
S068,13,1,500,78,35,1
S069,13,1,500,100,45,1
S070,13,1,500,32,53,2
S071,13,1,500,61,30,5
S072,14,1,500,61,48,3
S073,14,1,500,88,37,2
S074,14,1,500,53,46,5
S075,14,1,500,84,49,1
S076,14,1,500,75,47,1
S077,15,1,500,70,47,3
S078,15,1,500,64,30,2
S079,15,1,500,50,51,5
S080,15,1,500,86,33,4
S081,16,1,500,41,46,1
S082,16,1,500,74,36,2
S083,16,1,500,62,38,4
S084,16,1,500,28,36,3
S085,16,1,500,41,39,3
S086,17,1,500,95,40,3
S087,18,1,500,61,38,3
S088,18,1,500,52,56,5
S089,18,1,500,49,35,5
S090,18,1,500,48,34,1
S091,18,1,500,100,38,4
S092,18,1,500,94,45,4
S093,18,1,500,72,37,2
S094,18,1,500,69,52,2
S095,19,1,500,42,44,2
S096,20,1,500,67,43,4
S097,20,1,500,49,44,5
S098,20,1,500,83,14,5
S099,20,1,500,46,33,1
S100,20,1,500,24,27,4
S101,20,1,500,47,19,1
S102,21,1,500,63,44,3
S103,21,1,500,60,41,1
S104,21,1,500,82,49,4
S105,21,1,500,76,39,5
S106,21,1,500,44,20,4
S107,21,1,500,44,44,4
S108,21,1,500,63,46,5
S109,21,1,500,59,43,4
S110,22,1,500,50,50,3
S111,22,1,500,27,50,1
S112,22,1,500,69,34,1
S113,22,1,500,98,37,4
S114,22,1,500,40,25,4
S115,22,1,500,100,31,1
S116,22,1,500,100,35,1
S117,22,1,500,43,57,3
S118,23,1,500,41,31,1
S119,23,1,500,69,36,5
S120,24,1,500,64,43,3
S121,24,1,500,20,40,1
S122,24,1,500,48,35,3
S123,24,1,500,33,28,3
S124,24,1,500,61,39,2
S125,25,1,500,39,46,5
S126,25,1,500,40,36,3
S127,25,1,500,52,33,5
S128,25,1,500,80,27,3
S129,25,1,500,50,41,5
S130,25,1,500,53,27,2
S131,25,1,500,61,23,3
S132,25,1,500,67,33,4
S133,25,1,500,57,47,1
S134,26,1,500,53,55,2
S135,26,1,500,57,25,3
S136,26,1,500,49,48,3
S137,26,1,500,51,25,2
S157,26,1,500,74,55,5
S158,26,1,500,56,30,4
S159,26,1,500,48,39,2
S160,26,1,500,69,29,5
S161,26,1,500,38,32,3
S162,27,1,500,55,28,3
S163,27,1,500,48,27,1
S164,27,1,500,64,25,1
S165,27,1,500,61,42,2
S166,27,1,500,47,34,3
S167,27,1,500,99,35,2
S168,27,1,500,91,45,1
S169,27,1,500,73,29,2
S170,27,1,500,87,38,1
S171,28,1,500,34,34,2
S172,28,1,500,57,39,1
S173,28,1,500,57,41,3
S174,29,1,500,75,41,5
S175,29,1,500,43,17,3
S176,29,1,500,89,35,1
S177,30,1,500,68,55,2
S178,30,1,500,25,46,5
S179,30,1,500,23,42,1
S180,30,1,500,25,43,1
S181,30,1,500,74,59,1
S182,30,1,500,36,43,1
S183,30,1,500,72,38,3
S184,30,1,500,61,44,5
S185,30,1,500,50,36,5
S186,31,1,500,63,48,3
S187,31,1,500,100,33,1
S188,31,1,500,100,50,4
S189,31,1,500,64,43,1
S190,31,1,500,34,30,5
S191,32,1,500,80,52,3
S192,32,1,500,63,35,5
S193,32,1,500,52,38,1
S194,32,1,500,6,16,5
S195,33,1,500,18,43,1
S196,33,1,500,56,28,2
S197,33,1,500,59,47,2
S198,33,1,500,33,40,5
S199,33,1,500,71,25,1
S200,33,1,500,83,35,3
S201,33,1,500,54,34,3
S202,33,1,500,55,44,5
S203,34,1,500,38,43,4
S204,34,1,500,55,34,5
S205,34,1,500,70,40,2
S206,34,1,500,64,32,2
S207,34,1,500,52,43,4
S208,34,1,500,54,37,4
S209,35,1,500,94,44,4
S210,35,1,500,60,50,1
S211,35,1,500,49,56,1
S212,35,1,500,77,38,2
S213,35,1,500,59,54,5
S214,35,1,500,42,19,2
S215,35,1,500,49,51,3
S216,35,1,500,65,24,3
S217,35,1,500,50,26,2
S218,36,1,500,42,40,4
S219,36,1,500,49,57,2
S220,36,1,500,50,46,2
S221,36,1,500,47,24,2
S222,36,1,500,51,36,1
S223,36,1,500,50,30,1
S224,36,1,500,86,42,4
S225,36,1,500,38,37,2
S226,36,1,500,79,39,3
S227,37,1,500,34,27,2
S228,37,1,500,81,27,2
S229,37,1,500,50,50,2
S230,37,1,500,63,29,1
S231,37,1,500,28,36,2
S232,38,1,500,25,42,3
S233,38,1,500,100,55,4
S234,38,1,500,43,37,1
S235,38,1,500,66,45,5
S236,38,1,500,45,25,2
S237,38,1,500,45,33,3
S238,38,1,500,43,22,3
S239,39,1,500,31,51,4
S240,39,1,500,88,49,4
S241,39,1,500,50,32,2
S242,39,1,500,81,42,1
S243,39,1,500,52,40,1
S244,39,1,500,43,39,2
S245,39,1,500,97,49,5
S246,39,1,500,77,31,4
S247,39,1,500,60,24,1
S248,40,1,500,61,35,3
S249,40,1,500,51,53,2
S250,40,1,500,56,35,2
S251,40,1,500,75,40,4
S252,40,1,500,41,48,3
S253,40,1,500,52,35,3
S254,40,1,500,100,33,2
S255,40,1,500,37,44,1
S256,40,1,500,45,51,4
S276,41,1,500,75,36,2
S277,41,1,500,62,39,5
S278,41,1,500,100,64,1
S279,41,1,500,42,47,4
S280,41,1,500,86,21,2
S281,41,1,500,25,22,3
S282,41,1,500,39,40,1
S283,42,1,500,58,36,2
S284,42,1,500,37,54,5
S285,42,1,500,92,46,5
S286,42,1,500,86,43,1
S287,42,1,500,27,24,4
S288,42,1,500,83,46,1
S289,42,1,500,56,44,2
S290,42,1,500,46,35,1
S291,42,1,500,59,45,5
S292,43,1,500,80,43,3
S293,43,1,500,49,47,4
S294,43,1,500,74,42,4
S295,43,1,500,100,46,2
S296,44,1,500,11,54,5
S297,45,1,500,54,28,1
S298,45,1,500,46,49,1
S299,45,1,500,83,60,3
S300,45,1,500,39,57,5
S301,45,1,500,44,39,5
S302,45,1,500,38,49,4
S303,45,1,500,82,30,3
S304,45,1,500,72,22,3
S305,45,1,500,83,56,5
S306,46,1,500,16,57,3
S307,46,1,500,63,23,4
S308,46,1,500,1,48,3
S309,46,1,500,52,50,4
S310,46,1,500,60,29,1
S311,46,1,500,46,38,4
S312,46,1,500,46,49,1
S313,46,1,500,48,44,5
S314,47,1,500,53,61,4
S315,47,1,500,69,29,4
S316,47,1,500,22,34,1
S317,47,1,500,73,25,3
S318,47,1,500,100,42,2
S319,47,1,500,37,34,1
S320,48,1,500,52,55,3
S321,48,1,500,60,36,3
S322,49,1,500,44,27,4
S323,49,1,500,70,56,4
S324,49,1,500,66,40,3
S325,49,1,500,74,40,1
S326,49,1,500,65,25,1
S327,50,1,500,38,59,2
S328,50,1,500,55,35,1
S329,50,1,500,76,33,5
S330,50,1,500,74,35,2
S331,50,1,500,80,39,1
S332,50,1,500,57,22,3
S333,50,1,500,96,31,2
S334,50,1,500,55,36,1
S335,50,1,500,95,43,3
S336,50,1,500,46,43,3
S337,51,1,500,69,38,4
S338,51,1,500,75,38,2
S339,51,1,500,34,36,3
S340,51,1,500,32,40,1
S341,51,1,500,74,18,4
S342,52,1,500,53,36,4
S343,52,1,500,58,49,3
S344,52,1,500,40,28,4
S345,52,1,500,32,32,5
S346,52,1,500,86,39,5
S347,52,1,500,65,37,2
S348,52,1,500,32,26,5
S349,52,1,500,65,38,5
S350,53,1,500,32,31,5
S351,53,1,500,90,38,1
S352,53,1,500,74,36,2
S353,53,1,500,75,34,5
S354,53,1,500,76,50,1
S355,53,1,500,39,42,2
S356,54,1,500,35,38,5
S357,54,1,500,72,48,2
S358,54,1,500,65,59,4
S359,54,1,500,46,43,2
S360,54,1,500,53,29,3
S361,55,1,500,32,53,2
S362,55,1,500,62,47,1
S363,55,1,500,47,49,3
S364,55,1,500,44,42,1
S365,55,1,500,0,34,2
S366,55,1,500,71,29,5
S367,55,1,500,43,44,4
S368,55,1,500,68,31,2
S369,55,1,500,80,45,2
S370,55,1,500,38,41,5
S371,56,1,500,71,39,5
S372,56,1,500,72,25,2
S373,57,1,500,59,26,4
S374,57,1,500,76,52,4
S375,57,1,500,49,38,4
S376,57,1,500,34,23,1
S377,57,1,500,55,36,1
S378,57,1,500,72,43,1
S379,57,1,500,72,46,1
S380,58,1,500,60,40,2
S381,58,1,500,93,48,4
S382,59,1,500,27,41,3
S383,59,1,500,89,31,4
S384,59,1,500,60,31,4
S385,59,1,500,71,40,1
S386,59,1,500,76,39,4
S387,59,1,500,62,45,4
S388,60,1,500,64,63,3
S389,60,1,500,9,52,4
S390,60,1,500,56,41,1
S391,61,1,500,53,52,3
S392,62,1,500,72,29,5
S393,62,1,500,51,48,4
S394,62,1,500,72,37,3
S395,62,1,500,38,25,3
S396,62,1,500,79,31,4
S397,62,1,500,41,47,4
S398,62,1,500,39,36,5
S399,62,1,500,18,26,3
S400,63,1,500,46,17,1
S401,64,1,500,29,37,2
S402,64,1,500,42,44,3
S403,64,1,500,57,48,3
S404,64,1,500,50,44,1
S405,64,1,500,70,38,3
S406,64,1,500,66,35,4
S407,64,1,500,40,10,2
S408,64,1,500,46,40,3
S409,65,1,500,66,49,3
S410,65,1,500,33,38,5
S411,65,1,500,77,52,4
S412,65,1,500,99,37,5
S413,65,1,500,62,38,2
S414,66,1,500,65,31,5
S415,66,1,500,75,34,3
S416,66,1,500,58,23,5
S417,66,1,500,64,23,2
S418,66,1,500,31,55,2
S419,66,1,500,81,37,2
S420,66,1,500,49,38,2
S421,66,1,500,85,34,2
S422,67,1,500,61,43,1
S423,67,1,500,81,34,5
S424,67,1,500,78,42,3
S425,67,1,500,76,12,1
S426,67,1,500,84,48,5
S427,67,1,500,68,24,5
S428,67,1,500,68,47,1
S429,67,1,500,84,63,2
S430,67,1,500,52,41,2
S431,67,1,500,49,43,3
S432,68,1,500,100,29,5
S433,69,1,500,51,34,4
S434,69,1,500,35,43,4
S435,69,1,500,51,18,5
S436,69,1,500,68,29,4
S437,69,1,500,62,59,4
S438,69,1,500,0,26,4
S439,70,1,500,76,54,5
S440,71,1,500,31,37,2
S441,71,1,500,51,41,5
S442,71,1,500,50,26,1
S443,71,1,500,100,63,3
S444,71,1,500,64,36,4
S445,72,1,500,58,38,1
S446,72,1,500,63,31,1
S447,72,1,500,31,36,2
S448,72,1,500,78,37,3
S449,72,1,500,55,49,2
S450,72,1,500,62,47,3
S451,72,1,500,49,61,2
S452,72,1,500,37,39,1
S453,72,1,500,65,54,3
S454,72,1,500,67,46,2
S455,73,1,500,37,46,3
S456,73,1,500,75,34,4
S457,73,1,500,74,30,1
S458,73,1,500,97,31,1
S459,73,1,500,47,45,4
S460,73,1,500,99,52,5
S461,73,1,500,51,28,5
S462,74,1,500,75,38,5
S463,75,1,500,41,43,1
S464,75,1,500,98,33,3
S465,75,1,500,77,49,1
S466,75,1,500,68,35,5
S467,75,1,500,55,24,3
S468,76,1,500,41,36,5
S469,76,1,500,79,55,3
S470,76,1,500,56,27,3
S471,76,1,500,39,47,1
S472,77,1,500,6,46,2
S473,77,1,500,37,38,5
S474,77,1,500,85,27,2
S475,78,1,500,81,43,2
S476,78,1,500,68,32,1
S477,78,1,500,84,34,2
S478,78,1,500,59,32,4
S479,78,1,500,29,39,3
S480,78,1,500,100,54,3
S481,78,1,500,86,45,3
S482,78,1,500,56,22,4
S483,78,1,500,40,25,4
S484,78,1,500,53,41,5
S485,79,1,500,95,41,2
S486,79,1,500,52,37,2
S487,79,1,500,59,30,2
S488,80,1,500,89,31,5
S489,80,1,500,80,35,5
S490,81,1,500,34,54,3
S491,81,1,500,35,32,2
S492,81,1,500,50,43,2
S493,81,1,500,72,21,5
S494,81,1,500,29,45,1
S495,81,1,500,22,38,2
S496,82,1,500,54,31,2
S497,82,1,500,64,53,4
S498,82,1,500,65,28,3
S499,82,1,500,44,28,5
S500,82,1,500,56,36,4
S501,83,1,500,57,45,3
S502,83,1,500,48,37,5
S503,83,1,500,99,44,1
S504,83,1,500,65,45,2
S505,83,1,500,65,59,4
S506,83,1,500,45,30,2
S507,83,1,500,90,45,2
S508,83,1,500,42,54,2
S509,83,1,500,61,47,4
S510,84,1,500,54,51,2
S511,84,1,500,50,52,2
S512,84,1,500,48,38,3
S513,84,1,500,92,43,4
S514,84,1,500,61,32,2
S515,84,1,500,70,39,5
S516,85,1,500,39,40,1
S517,85,1,500,50,48,3
S518,85,1,500,73,45,2
S519,85,1,500,54,59,5
S520,86,1,500,64,17,4
S521,86,1,500,56,52,2
S522,86,1,500,49,60,2
S523,87,1,500,50,43,2
S524,87,1,500,61,54,4
S525,87,1,500,62,50,2
S545,87,1,500,37,29,3
S546,87,1,500,26,34,1
S547,88,1,500,49,47,2
S548,88,1,500,51,42,5
S549,88,1,500,49,31,1
S550,88,1,500,82,35,2
S551,88,1,500,38,39,1
S552,88,1,500,44,41,4
S553,88,1,500,85,31,5
S554,89,1,500,45,39,4
S555,89,1,500,59,47,2
S556,89,1,500,65,32,2
S557,90,1,500,86,50,3
S558,91,2,500,56,32,5
S559,91,2,500,78,43,3
S560,91,2,500,69,33,5
S561,92,2,500,5,37,2
S562,92,2,500,52,37,4
S563,93,2,500,71,31,1
S564,93,2,500,53,42,1
S565,94,2,500,39,34,2
S566,94,2,500,40,43,2
S567,94,2,500,47,22,3
S568,94,2,500,66,28,4
S569,94,2,500,78,43,4
S570,94,2,500,38,26,5
S571,94,2,500,20,29,5
S572,94,2,500,53,24,5
S573,94,2,500,40,24,5
S574,95,2,500,52,34,4
S575,95,2,500,65,52,4
S576,95,2,500,59,17,4
S577,95,2,500,93,44,5
S578,95,2,500,50,44,5
S579,95,2,500,44,25,2
S580,95,2,500,67,50,3
S581,95,2,500,79,44,3
S582,95,2,500,64,28,2
S583,96,2,500,81,41,1
S584,97,2,500,55,49,3
S585,97,2,500,67,45,1
S586,98,2,500,57,13,1
S587,98,2,500,39,44,2
S588,99,2,500,67,50,4
S589,99,2,500,42,22,2
S590,99,2,500,57,52,4
S591,99,2,500,26,38,1
S592,99,2,500,76,41,3
S593,99,2,500,70,51,2
S594,99,2,500,47,51,3
S595,99,2,500,45,25,5
S596,99,2,500,50,31,4
S597,100,2,500,22,25,1
S598,100,2,500,88,19,5
S599,100,2,500,59,41,1
S600,100,2,500,37,39,3
S601,100,2,500,56,25,1
S602,100,2,500,58,22,3
S603,100,2,500,85,47,3
S604,100,2,500,72,31,5
S605,100,2,500,85,53,3
S606,101,2,500,56,36,2
S607,101,2,500,38,32,3
S608,101,2,500,39,45,1
S609,101,2,500,36,21,5
S610,101,2,500,54,41,2
S611,101,2,500,56,37,1
S612,101,2,500,73,34,5
S613,101,2,500,71,36,4
S614,102,2,500,67,35,2
S615,102,2,500,74,54,1
S616,103,2,500,49,67,1
S617,103,2,500,97,34,4
S618,103,2,500,61,39,2
S619,103,2,500,33,42,5
S620,103,2,500,49,47,1
S621,103,2,500,75,26,4
S622,103,2,500,73,52,4
S623,103,2,500,44,41,4
S624,104,2,500,75,66,2
S625,104,2,500,81,46,3
S626,104,2,500,83,43,5
S627,104,2,500,55,40,1
S628,104,2,500,89,57,3
S629,104,2,500,54,39,4
S630,104,2,500,41,41,3
S631,104,2,500,71,27,4
S632,104,2,500,69,45,2
S633,104,2,500,76,4,1
S634,105,2,500,98,45,4
S635,105,2,500,49,48,3
S636,105,2,500,51,45,3
S637,105,2,500,75,42,4
S638,106,2,500,48,40,3
S639,106,2,500,62,41,4
S640,106,2,500,81,46,1
S641,107,2,500,32,24,1
S642,107,2,500,63,39,2
S643,107,2,500,52,29,2
S644,107,2,500,54,47,3
S645,107,2,500,76,41,5
S646,107,2,500,74,52,1
S647,107,2,500,88,22,4
S648,107,2,500,29,47,4
S649,108,2,500,16,40,1
S650,108,2,500,90,26,4
S651,108,2,500,78,43,2
S652,108,2,500,36,36,5
S653,108,2,500,71,22,1
S654,108,2,500,45,36,3
S655,109,2,500,59,31,4
S656,109,2,500,64,38,2
S657,109,2,500,64,38,4
S658,109,2,500,42,55,2
S659,109,2,500,80,35,2
S660,109,2,500,70,54,1
S661,109,2,500,52,61,5
S662,109,2,500,57,29,2
S663,109,2,500,35,18,5
S664,110,2,500,74,41,2
S665,110,2,500,63,29,1
S666,110,2,500,65,42,2
S667,110,2,500,55,50,1
S668,110,2,500,74,34,4
S669,110,2,500,65,32,2
S670,110,2,500,72,49,2
S671,110,2,500,30,42,3
S672,111,2,500,76,48,4
S673,111,2,500,55,30,1
S674,111,2,500,68,48,3
S675,111,2,500,68,34,4
S676,111,2,500,31,44,2
S677,111,2,500,75,31,5
S678,111,2,500,63,42,1
S679,112,2,500,65,38,1
S680,113,2,500,79,28,5
S681,113,2,500,65,44,3
S682,113,2,500,62,37,2
S683,113,2,500,54,30,5
S684,113,2,500,59,45,4
S685,113,2,500,90,57,2
S686,113,2,500,80,45,3
S687,114,2,500,33,42,4
S688,114,2,500,66,47,4
S689,114,2,500,44,20,4
S690,114,2,500,54,35,3
S691,115,2,500,74,40,3
S692,115,2,500,61,37,4
S693,115,2,500,63,40,4
S694,115,2,500,72,27,3
S695,115,2,500,42,50,2
S696,115,2,500,59,26,4
S697,115,2,500,77,45,1
S698,116,2,500,44,36,2
S699,116,2,500,86,48,5
S700,117,2,500,35,43,1
S701,117,2,500,44,62,2
S702,117,2,500,74,47,5
S703,117,2,500,39,53,1
S704,117,2,500,85,53,4
S705,117,2,500,60,55,1
S706,117,2,500,52,55,5
S707,117,2,500,61,47,2
S708,118,2,500,65,19,5
S709,118,2,500,52,43,4
S710,118,2,500,53,27,1
S711,118,2,500,9,47,2
S712,118,2,500,62,48,2
S713,118,2,500,83,43,3
S714,119,2,500,46,34,1
S715,119,2,500,79,43,1
S716,119,2,500,72,26,4
S717,119,2,500,41,28,5
S718,119,2,500,68,47,1
S719,119,2,500,64,37,2
S720,119,2,500,42,26,1
S721,119,2,500,90,37,1
S722,119,2,500,69,45,2
S723,120,2,500,66,41,2
S724,120,2,500,61,19,4
S725,120,2,500,59,49,1
S726,120,2,500,40,46,3
S727,120,2,500,87,29,3
S728,121,2,500,54,63,5
S729,121,2,500,89,51,1
S730,121,2,500,53,47,5
S731,121,2,500,35,61,4
S732,121,2,500,42,27,1
S733,121,2,500,64,34,5
S734,121,2,500,100,44,4
S735,122,2,500,35,39,2
S736,122,2,500,72,46,1
S737,122,2,500,45,44,4
S738,123,2,500,48,45,5
S739,123,2,500,60,37,4
S740,123,2,500,49,35,2
S741,123,2,500,58,40,5
S742,123,2,500,40,62,3
S743,124,2,500,36,49,5
S744,124,2,500,82,22,1
S745,124,2,500,100,46,5
S746,124,2,500,57,34,5
S747,124,2,500,48,31,1
S748,124,2,500,52,31,3
S749,124,2,500,65,40,4
S750,124,2,500,43,40,4
S751,124,2,500,58,65,1
S752,124,2,500,50,29,1
S753,125,2,500,49,21,3
S754,126,2,500,21,45,2
S755,126,2,500,52,47,3
S756,126,2,500,64,24,4
S757,126,2,500,62,37,2
S758,126,2,500,76,39,1
S759,126,2,500,100,50,3
S760,126,2,500,52,43,5
S761,127,2,500,63,45,1
S762,127,2,500,39,41,4
S763,127,2,500,51,23,3
S764,127,2,500,44,22,2
S765,127,2,500,48,27,3
S766,127,2,500,46,62,1
S767,127,2,500,77,39,4
S768,127,2,500,58,60,5
S769,127,2,500,44,49,2
S770,128,2,500,100,35,1
S771,129,2,500,18,48,1
S772,129,2,500,69,44,3
S773,130,2,500,48,49,3
S774,130,2,500,86,44,2
S775,130,2,500,68,56,3
S776,130,2,500,35,28,3
S777,130,2,500,73,42,5
S778,130,2,500,51,51,4
S779,131,2,500,85,40,4
S780,131,2,500,58,37,3
S781,131,2,500,69,51,4
S782,131,2,500,62,32,4
S783,131,2,500,68,60,1
S784,131,2,500,60,26,3
S785,131,2,500,69,38,2
S786,132,2,500,29,42,4
S787,133,2,500,65,52,3
S788,133,2,500,100,42,3
S789,133,2,500,82,33,1
S790,134,2,500,25,35,4
S791,134,2,500,73,23,2
S792,134,2,500,54,22,4
S793,134,2,500,44,34,4
S794,134,2,500,50,17,4
S795,135,2,500,79,34,3
S796,135,2,500,64,49,3
S797,135,2,500,14,45,1
S798,135,2,500,61,53,3
S799,136,2,500,71,36,5
S800,136,2,500,64,41,3
S801,136,2,500,53,39,5
S802,137,2,500,62,48,2
S803,138,2,500,52,32,2
S804,138,2,500,54,37,2
S805,138,2,500,43,44,5
S806,138,2,500,63,25,1
S807,139,2,500,44,29,4
S808,139,2,500,60,46,5
S809,139,2,500,50,45,5
S810,139,2,500,72,39,2
S811,139,2,500,82,41,2
S812,139,2,500,50,41,2
S813,140,2,500,51,35,5
S814,140,2,500,62,34,1
S815,140,2,500,67,23,2
S816,141,2,500,54,34,5
S817,141,2,500,37,31,5
S818,141,2,500,72,26,5
S819,141,2,500,65,39,1
S820,141,2,500,82,43,5
S821,141,2,500,59,34,2
S822,141,2,500,66,66,3
S823,141,2,500,34,54,5
S824,141,2,500,100,38,1
S825,142,2,500,67,56,4
S826,142,2,500,46,49,1
S827,142,2,500,67,33,1
S828,142,2,500,58,42,3
S829,142,2,500,40,52,3
S830,142,2,500,90,49,3
S831,142,2,500,73,42,4
S832,143,2,500,41,35,3
S833,143,2,500,49,38,1
S834,144,2,500,64,23,5
S835,144,2,500,60,45,3
S836,144,2,500,53,31,1
S837,144,2,500,68,56,2
S838,144,2,500,55,48,5
S839,144,2,500,56,20,4
S840,145,2,500,91,39,1
S841,145,2,500,39,27,1
S842,146,2,500,86,35,4
S843,146,2,500,50,36,1
S844,146,2,500,91,40,4
S845,147,2,500,91,36,3
S846,147,2,500,46,36,1
S847,147,2,500,36,25,1
S848,147,2,500,39,55,4
S849,148,2,500,68,31,1
S850,148,2,500,49,26,2
S851,149,2,500,40,40,5
S852,149,2,500,34,41,1
S853,149,2,500,82,38,4
S854,149,2,500,51,52,2
S855,149,2,500,28,45,2
S856,150,2,500,87,44,5
S857,150,2,500,51,46,3
S858,150,2,500,49,33,1
S859,150,2,500,58,41,3
S860,150,2,500,83,48,2
S861,150,2,500,65,46,1
S862,150,2,500,50,49,5
S863,150,2,500,71,31,4
S864,150,2,500,77,37,3
S865,150,2,500,77,46,1
S866,151,2,500,51,61,3
S867,151,2,500,41,46,3
S868,151,2,500,43,45,1
S869,151,2,500,59,50,5
S870,152,2,500,74,28,2
S871,152,2,500,69,33,5
S872,153,2,500,73,44,5
S873,153,2,500,24,40,3
S874,153,2,500,62,49,5
S875,154,2,500,86,51,5
S876,154,2,500,56,35,4
S877,154,2,500,81,33,2
S878,154,2,500,57,43,5
S879,154,2,500,67,44,2
S880,154,2,500,52,42,1
S881,154,2,500,65,34,1
S882,155,2,500,49,54,5
S883,156,2,500,77,44,3
S884,156,2,500,15,46,2
S885,156,2,500,46,30,1
S886,156,2,500,58,32,5
S887,156,2,500,51,52,1
S888,157,2,500,63,50,3
S889,157,2,500,64,28,5
S890,157,2,500,32,38,3
S891,157,2,500,68,54,4
S892,157,2,500,36,51,2
S893,158,2,500,38,26,4
S894,158,2,500,46,48,3
S895,158,2,500,99,45,1
S896,158,2,500,81,34,1
S897,158,2,500,86,38,2
S898,158,2,500,40,46,5
S899,158,2,500,38,32,2
S900,159,2,500,84,48,4
S901,159,2,500,58,59,5
S902,159,2,500,44,41,2
S903,159,2,500,37,37,2
S915,159,2,500,30,25,2
S916,159,2,500,63,39,4
S917,159,2,500,72,35,1
S918,159,2,500,48,28,2
S919,159,2,500,76,36,4
S920,160,2,500,37,22,5
S921,160,2,500,28,41,3
S922,160,2,500,61,48,5
S923,160,2,500,49,51,5
S924,160,2,500,25,47,4
S925,161,2,500,58,40,2
S926,162,2,500,27,45,4
S927,162,2,500,27,40,2
S928,162,2,500,45,46,3
S929,162,2,500,61,39,2
S930,162,2,500,63,45,3
S931,163,2,500,35,44,3
S932,163,2,500,59,46,3
S933,164,2,500,56,32,2
S934,164,2,500,62,32,2
S935,164,2,500,72,28,2
S936,164,2,500,42,28,5
S937,164,2,500,85,37,5
S938,164,2,500,35,31,3
S939,164,2,500,64,26,1
S940,164,2,500,39,51,5
S941,164,2,500,100,36,5
S942,165,2,500,38,46,3
S943,165,2,500,65,43,3
S944,166,2,500,29,42,4
S945,166,2,500,72,27,1
S946,166,2,500,71,40,1
S947,167,2,500,50,49,1
S948,168,2,500,78,28,1
S949,168,2,500,59,26,3
S950,168,2,500,49,37,4
S951,168,2,500,47,51,1
S952,169,2,500,51,30,3
S953,169,2,500,90,24,3
S954,170,2,500,72,40,3
S955,170,2,500,80,37,3
S956,171,2,500,69,4,1
S957,171,2,500,68,35,1
S958,171,2,500,29,41,4
S959,171,2,500,54,45,3
S960,171,2,500,51,42,1
S961,171,2,500,48,34,5
S962,171,2,500,70,29,2
S963,172,2,500,27,53,3
S964,172,2,500,86,55,1
S965,172,2,500,62,54,2
S966,172,2,500,39,23,2
S967,172,2,500,53,39,5
S968,172,2,500,82,28,2
S969,172,2,500,90,30,5
S970,172,2,500,58,38,3
S971,172,2,500,48,36,2
S972,173,2,500,67,39,3
S973,173,2,500,24,38,5
S974,173,2,500,100,24,2
S975,174,2,500,66,49,5
S976,175,2,500,80,37,2
S977,176,2,500,50,49,3
S978,176,2,500,58,30,4
S979,176,2,500,37,44,2
S980,176,2,500,80,37,5
S981,176,2,500,84,50,1
S982,176,2,500,70,51,4
S983,176,2,500,54,36,3
S984,177,2,500,67,31,5
S985,177,2,500,47,38,4
S986,178,2,500,73,34,5
S987,178,2,500,30,53,2
S988,178,2,500,67,44,4
S989,178,2,500,100,46,4
S990,178,2,500,94,39,5
S991,178,2,500,99,26,4
S992,179,2,500,26,22,3
S993,179,2,500,84,42,2
S994,179,2,500,26,33,2
S995,179,2,500,32,33,5
S996,179,2,500,55,32,3
S997,179,2,500,58,41,2
S998,179,2,500,87,38,3
S999,180,2,500,78,51,1
S1000,180,2,500,39,40,4
S1001,181,2,500,60,59,5
S1002,181,2,500,87,41,2
S1003,181,2,500,42,37,2
S1004,181,2,500,89,21,2
S1005,181,2,500,39,60,5
S1006,182,2,500,83,42,5
S1007,182,2,500,34,38,3
S1008,182,2,500,9,31,2
S1009,182,2,500,21,37,4
S1010,182,2,500,100,45,4
S1011,182,2,500,56,44,3
S1012,182,2,500,82,35,1
S1013,182,2,500,73,16,2
S1014,182,2,500,46,27,2
S1015,182,2,500,55,54,1
S1016,183,2,500,20,32,4
S1017,183,2,500,72,39,1
S1018,183,2,500,75,33,2
S1019,183,2,500,89,46,3
S1020,183,2,500,100,50,2
S1021,183,2,500,52,30,5
S1022,183,2,500,50,35,4
S1023,183,2,500,100,28,4
S1024,183,2,500,57,33,4
S1025,184,2,500,68,34,2
S1026,185,2,500,49,38,1
S1027,185,2,500,24,41,1
S1028,185,2,500,50,22,1
S1029,185,2,500,42,33,5
S1030,186,2,500,47,47,5
S1031,186,2,500,74,36,1
S1032,186,2,500,42,25,4
S1033,186,2,500,68,48,1
S1034,186,2,500,34,27,4
S1035,187,2,500,53,30,3
S1036,187,2,500,61,29,3
S1037,187,2,500,85,44,3
S1038,188,2,500,19,37,2
S1039,188,2,500,68,50,4
S1040,188,2,500,31,46,3
S1041,188,2,500,70,39,1
S1042,188,2,500,36,27,1
S1043,188,2,500,45,42,3
S1044,189,2,500,28,19,5
S1045,189,2,500,73,58,5
S1046,189,2,500,74,45,3
S1047,189,2,500,18,40,5
S1048,189,2,500,17,50,3
S1049,190,2,500,13,60,5
S1050,190,2,500,35,43,5
S1051,190,2,500,39,38,5
S1052,191,2,500,42,46,2
S1053,191,2,500,65,51,3
S1054,192,2,500,70,35,4
S1055,192,2,500,51,39,3
S1056,192,2,500,38,48,1
S1057,192,2,500,88,39,1
S1058,192,2,500,50,26,3
S1059,192,2,500,50,30,4
S1060,192,2,500,100,31,3
S1061,192,2,500,50,32,3
S1062,192,2,500,66,41,3
S1063,192,2,500,80,28,1
S1064,193,2,500,80,38,2
S1065,193,2,500,41,42,4
S1066,193,2,500,77,33,2
S1067,193,2,500,52,39,5
S1068,193,2,500,62,37,3
S1069,194,3,500,64,50,3
S1070,194,3,500,55,45,5
S1071,195,3,500,72,40,2
S1072,195,3,500,71,36,2
S1073,195,3,500,100,34,2
S1074,195,3,500,37,35,3
S1075,195,3,500,41,31,1
S1076,195,3,500,77,39,3
S1077,196,3,500,70,43,1
S1078,196,3,500,69,39,1
S1079,196,3,500,60,26,1
S1080,196,3,500,32,32,5
S1081,196,3,500,74,29,3
S1082,196,3,500,75,34,1
S1083,196,3,500,62,50,1
S1084,196,3,500,69,34,2
S1085,196,3,500,80,39,2
S1086,196,3,500,81,44,2
S1087,197,3,500,69,43,3
S1088,198,3,500,79,45,5
S1089,198,3,500,82,36,1
S1090,198,3,500,66,20,1
S1091,198,3,500,74,54,2
S1092,198,3,500,66,27,3
S1093,198,3,500,35,30,1
S1094,198,3,500,29,41,1
S1095,198,3,500,33,50,4
S1096,198,3,500,41,47,4
S1097,199,3,500,77,44,4
S1098,199,3,500,65,41,3
S1099,199,3,500,75,32,4
S1100,199,3,500,70,24,1
S1101,199,3,500,91,49,1
S1102,199,3,500,38,43,5
S1103,199,3,500,35,52,5
S1104,200,3,500,80,44,5
S1105,200,3,500,82,56,5
S1106,200,3,500,90,43,2
S1107,200,3,500,69,53,2
S1108,200,3,500,97,34,3
S1109,200,3,500,86,11,3
S1110,200,3,500,68,48,4
S1111,200,3,500,38,65,3
S1112,201,3,500,79,43,3
S1113,201,3,500,48,26,1
S1114,201,3,500,90,40,4
S1115,201,3,500,34,34,2
S1116,202,3,500,37,22,5
S1117,202,3,500,69,54,3
S1118,203,3,500,74,45,2
S1119,203,3,500,98,39,1
S1120,203,3,500,49,41,5
S1121,203,3,500,37,46,2
S1122,204,3,500,54,32,3
S1123,204,3,500,66,37,1
S1124,204,3,500,63,29,5
S1125,204,3,500,61,50,2
S1126,204,3,500,64,36,4
S1127,204,3,500,35,58,5
S1128,205,3,500,41,11,5
S1129,205,3,500,92,46,5
S1130,205,3,500,63,57,5
S1131,205,3,500,46,36,1
S1132,205,3,500,35,33,5
S1133,206,3,500,45,40,1
S1134,206,3,500,66,20,3
S1135,206,3,500,86,42,2
S1136,206,3,500,66,32,1
S1137,206,3,500,63,52,4
S1138,206,3,500,50,50,5
S1139,207,3,500,42,32,2
S1140,207,3,500,67,35,4
S1141,207,3,500,65,28,4
S1142,207,3,500,95,33,1
S1143,207,3,500,69,33,5
S1144,207,3,500,18,36,4
S1145,207,3,500,40,42,1
S1146,208,3,500,76,41,2
S1147,208,3,500,65,30,5
S1148,208,3,500,69,30,1
S1149,208,3,500,58,42,3
S1150,208,3,500,56,58,1
S1151,208,3,500,53,41,4
S1152,208,3,500,70,36,3
S1153,209,3,500,46,49,1
S1154,209,3,500,72,34,4
S1155,210,3,500,69,37,3
S1156,210,3,500,81,40,1
S1157,210,3,500,68,45,3
S1158,210,3,500,47,51,4
S1159,210,3,500,40,55,5
S1160,210,3,500,40,31,5
S1161,210,3,500,70,26,4
S1162,210,3,500,70,60,1
S1163,211,3,500,56,42,4
S1164,212,3,500,49,42,2
S1165,212,3,500,96,50,4
S1166,212,3,500,75,38,1
S1167,212,3,500,93,29,1
S1168,212,3,500,83,19,1
S1169,212,3,500,41,36,4
S1170,212,3,500,59,35,5
S1171,212,3,500,74,43,3
S1172,212,3,500,95,47,4
S1173,212,3,500,65,41,1
S1174,213,3,500,54,27,1
S1175,213,3,500,72,38,2
S1176,213,3,500,85,65,5
S1177,213,3,500,74,43,2
S1178,213,3,500,67,38,4
S1179,213,3,500,34,50,5
S1180,213,3,500,74,21,3
S1181,214,3,500,50,32,5
S1182,214,3,500,60,49,2
S1183,214,3,500,72,46,1
S1184,214,3,500,78,49,1
S1185,214,3,500,50,57,2
S1186,215,3,500,31,41,1
S1187,215,3,500,64,45,3
S1188,216,3,500,26,55,3
S1189,216,3,500,62,26,3
S1190,217,3,500,68,39,3
S1191,217,3,500,55,31,5
S1192,217,3,500,87,42,2
S1193,217,3,500,60,34,2
S1194,217,3,500,78,37,1
S1195,217,3,500,78,57,3
S1196,217,3,500,50,48,5
S1197,217,3,500,35,42,1
S1198,217,3,500,87,53,1
S1199,218,3,500,70,31,5
S1200,219,3,500,52,23,4
S1201,219,3,500,78,45,5
S1202,219,3,500,88,44,4
S1203,220,3,500,46,40,5
S1204,220,3,500,83,38,3
S1205,220,3,500,47,57,2
S1206,221,3,500,74,31,4
S1207,221,3,500,78,62,2
S1208,221,3,500,39,25,1
S1209,221,3,500,37,42,1
S1210,221,3,500,67,55,3
S1211,221,3,500,73,42,5
S1212,221,3,500,80,38,5
S1213,221,3,500,95,61,5
S1214,221,3,500,81,27,1
S1215,222,3,500,57,34,5
S1216,223,3,500,20,42,5
S1217,223,3,500,57,36,4
S1218,223,3,500,51,18,2
S1219,223,3,500,58,23,4
S1220,223,3,500,82,27,1
S1221,223,3,500,25,33,4
S1222,224,3,500,42,41,5
S1223,224,3,500,76,43,3
S1224,224,3,500,67,42,5
S1225,224,3,500,26,63,2
S1226,224,3,500,55,46,3
S1227,224,3,500,40,37,3
S1228,224,3,500,53,40,1
S1229,224,3,500,43,38,1
S1230,225,3,500,55,30,2
S1231,225,3,500,48,39,4
S1232,225,3,500,41,47,2
S1233,225,3,500,69,50,1
S1234,225,3,500,52,52,2
S1235,225,3,500,80,39,3
S1236,226,3,500,19,31,1
S1237,226,3,500,60,42,3
S1238,226,3,500,42,40,3
S1239,226,3,500,67,34,2
S1240,227,3,500,57,61,2
S1241,227,3,500,30,33,2
S1242,227,3,500,43,30,4
S1243,227,3,500,49,51,4
S1244,227,3,500,60,35,4
S1245,228,3,500,43,45,3
S1246,228,3,500,70,51,4
S1247,228,3,500,61,43,2
S1248,228,3,500,31,42,3
S1249,228,3,500,60,32,5
S1250,228,3,500,80,38,5
S1251,229,3,500,56,41,1
S1252,229,3,500,43,42,3
S1253,229,3,500,45,39,4
S1254,229,3,500,69,40,1
S1255,229,3,500,45,37,1
S1256,230,3,500,47,37,2
S1257,230,3,500,57,27,2
S1258,230,3,500,81,31,5
S1259,230,3,500,59,31,1
S1260,230,3,500,85,21,5
S1261,230,3,500,70,31,3
S1262,230,3,500,68,45,1
S1263,230,3,500,23,37,5
S1264,230,3,500,36,43,1
S1265,230,3,500,71,37,5
S1266,231,3,500,76,56,3
S1267,231,3,500,30,26,4
S1268,231,3,500,62,37,1
S1269,231,3,500,86,50,5
S1270,231,3,500,70,45,3
S1271,231,3,500,54,52,1
S1272,231,3,500,58,53,5
S1273,231,3,500,83,43,1
S1274,231,3,500,52,53,2
S1275,232,3,500,91,57,2
S1276,232,3,500,28,39,1
S1277,232,3,500,100,51,5
S1278,232,3,500,33,55,2
S1279,232,3,500,68,44,1
S1280,232,3,500,37,43,4
S1281,232,3,500,80,40,4
S1282,233,3,500,64,57,2
S1283,233,3,500,36,46,4
S1284,234,3,500,31,31,5
S1285,234,3,500,45,59,4
S1286,234,3,500,56,41,3
S1287,234,3,500,67,38,5
S1288,234,3,500,53,45,5
S1289,235,3,500,59,30,3
S1290,235,3,500,70,52,3
S1291,235,3,500,72,42,5
S1292,235,3,500,62,31,4
S1293,235,3,500,35,49,1
S1294,235,3,500,82,42,3
S1295,235,3,500,49,30,4
S1296,235,3,500,61,46,1
S1297,235,3,500,47,29,5
S1298,236,3,500,30,40,4
S1299,236,3,500,42,23,3
S1300,236,3,500,83,33,5
S1301,236,3,500,51,40,2
S1302,236,3,500,9,43,5
S1303,236,3,500,57,48,3
S1304,236,3,500,90,31,3
S1305,236,3,500,63,37,4
S1306,236,3,500,55,36,5
S1307,236,3,500,32,27,3
S1308,237,3,500,85,48,4
S1309,237,3,500,59,31,1
S1310,237,3,500,70,42,4
S1311,237,3,500,80,38,5
S1312,238,3,500,20,17,5
S1313,238,3,500,64,40,4
S1314,238,3,500,43,42,5
S1315,239,3,500,32,49,3
S1316,239,3,500,35,30,1
S1317,239,3,500,79,38,1
S1318,240,3,500,45,39,5
S1319,240,3,500,60,43,1
S1320,241,3,500,78,34,4
S1321,241,3,500,53,36,5
S1322,241,3,500,23,51,5
S1323,241,3,500,75,38,4
S1324,241,3,500,83,47,5
S1325,241,3,500,69,41,4
S1326,241,3,500,2,38,5
S1327,241,3,500,91,48,2
S1328,241,3,500,30,43,1
S1329,241,3,500,74,38,3
S1330,242,3,500,15,29,3
S1331,242,3,500,24,36,1
S1332,242,3,500,81,57,4
S1333,242,3,500,90,30,3
S1334,242,3,500,22,48,3
S1335,242,3,500,87,43,1
S1336,242,3,500,80,21,5
S1337,242,3,500,66,57,3
S1338,242,3,500,90,22,4
S1339,242,3,500,81,50,5
S1340,243,3,500,54,23,4
S1341,243,3,500,32,24,4
S1342,243,3,500,43,37,1
S1343,243,3,500,40,41,1
S1344,243,3,500,71,46,5
S1345,243,3,500,93,37,4
S1346,243,3,500,74,39,5
S1347,244,3,500,61,23,3
S1348,244,3,500,44,53,2
S1349,244,3,500,33,44,4
S1350,245,3,500,54,19,5
S1351,245,3,500,60,43,1
S1352,245,3,500,75,29,4
S1353,245,3,500,42,16,5
S1354,245,3,500,51,42,2
S1355,245,3,500,67,49,4
S1356,245,3,500,91,48,5
S1357,245,3,500,91,31,3
S1358,245,3,500,33,44,2
S1359,246,3,500,65,44,2
S1360,246,3,500,72,32,5
S1361,246,3,500,73,33,5
S1362,246,3,500,67,29,4
S1363,246,3,500,61,44,4
S1364,247,3,500,65,40,2
S1365,248,3,500,35,49,3
S1366,248,3,500,49,30,1
S1367,248,3,500,52,47,4
S1368,248,3,500,67,53,4
S1369,248,3,500,43,53,4
S1370,248,3,500,67,41,4
S1371,248,3,500,63,48,3
S1372,248,3,500,25,42,5
S1373,248,3,500,48,18,5
S1374,249,3,500,84,46,5
S1375,249,3,500,56,43,2
S1376,249,3,500,39,25,4
S1377,249,3,500,26,45,1
S1378,249,3,500,36,27,5
S1379,249,3,500,55,41,5
S1380,249,3,500,56,48,5
S1381,250,3,500,76,46,5
S1382,250,3,500,52,50,3
S1383,250,3,500,44,34,5
S1384,250,3,500,100,51,5
S1385,251,3,500,52,50,4
S1386,251,3,500,17,46,2
S1387,251,3,500,61,17,5
S1388,252,3,500,81,36,4
S1389,252,3,500,39,35,3
S1390,252,3,500,53,47,3
S1391,252,3,500,84,39,1
S1392,252,3,500,55,23,1
S1393,252,3,500,67,50,2
S1394,252,3,500,56,37,3
S1395,252,3,500,45,65,5
S1396,252,3,500,74,39,2
S1397,252,3,500,67,31,2
S1398,253,3,500,35,45,2
S1399,253,3,500,90,62,1
S1400,253,3,500,62,29,1
S1401,254,3,500,66,38,4
S1402,254,3,500,70,24,3
S1403,254,3,500,60,49,5
S1404,254,3,500,53,39,2
S1405,254,3,500,41,33,5
S1406,255,3,500,68,31,4
S1407,255,3,500,46,41,4
S1408,255,3,500,43,43,1
S1409,255,3,500,61,39,4
S1410,255,3,500,76,44,1
S1411,255,3,500,51,43,1
S1412,255,3,500,89,54,1
S1413,255,3,500,58,40,2
S1414,255,3,500,61,29,3
S1415,255,3,500,66,36,2
S1416,256,3,500,71,62,1
S1417,256,3,500,29,39,4
S1418,256,3,500,33,53,3
S1419,256,3,500,52,31,2
S1420,256,3,500,63,56,3
S1421,256,3,500,62,49,3
S1422,256,3,500,62,48,1
S1423,257,3,500,66,33,2
S1424,258,3,500,48,46,2
S1425,258,3,500,62,48,4
S1426,258,3,500,44,42,1
S1427,258,3,500,42,41,3
S1428,258,3,500,76,36,1
S1429,258,3,500,14,32,1
S1430,258,3,500,41,38,4
S1431,258,3,500,62,28,3
S1432,259,3,500,81,37,2
S1433,259,3,500,58,60,4
S1434,259,3,500,26,39,5
S1435,259,3,500,56,38,1
S1436,259,3,500,73,29,1
S1437,260,3,500,58,40,3
S1438,260,3,500,62,49,2
S1439,260,3,500,34,44,2
S1440,260,3,500,38,43,3
S1441,260,3,500,54,47,2
S1442,260,3,500,46,45,4
S1443,260,3,500,58,42,1
S1444,260,3,500,66,33,1
S1445,261,3,500,51,35,1
S1446,261,3,500,82,34,2
S1447,261,3,500,67,42,4
S1448,261,3,500,63,47,5
S1449,261,3,500,56,37,4
S1450,261,3,500,82,50,3
S1451,261,3,500,49,39,4
S1452,261,3,500,66,29,1
S1453,261,3,500,89,38,3
S1454,262,3,500,80,33,4
S1455,262,3,500,89,26,5
S1456,262,3,500,58,25,3
S1457,262,3,500,31,35,5
S1458,262,3,500,93,52,3
S1459,262,3,500,85,50,2
S1460,262,3,500,75,28,5
S1461,262,3,500,100,23,1
S1462,263,3,500,31,51,1
S1463,263,3,500,88,63,1
S1464,263,3,500,46,48,2
S1465,263,3,500,46,56,4
S1466,263,3,500,72,36,1
S1467,263,3,500,62,34,2
S1468,263,3,500,54,40,3
S1469,263,3,500,32,33,5
S1470,263,3,500,53,46,3
S1490,263,3,500,63,39,4
S1491,264,3,500,38,44,5
S1492,264,3,500,64,36,5
S1493,264,3,500,82,42,4
S1494,264,3,500,69,32,5
S1495,264,3,500,33,51,4
S1496,264,3,500,46,41,5
S1497,264,3,500,60,52,4
S1498,264,3,500,42,47,2
S1499,265,3,500,44,26,4
S1500,265,3,500,77,29,1
S1501,265,3,500,58,45,5
S1502,265,3,500,93,52,4
S1503,265,3,500,40,31,1
S1504,265,3,500,95,25,1
S1505,265,3,500,82,37,2
S1506,265,3,500,52,44,1
S1507,265,3,500,50,34,4
S1508,265,3,500,49,49,2
S1509,266,3,500,57,48,2
S1510,266,3,500,41,45,3
S1511,266,3,500,34,62,2
S1512,266,3,500,63,36,4
S1513,266,3,500,69,53,4
S1514,266,3,500,69,32,5
S1515,266,3,500,42,27,4
S1516,266,3,500,76,42,2
S1517,266,3,500,39,25,5
S1518,267,3,500,76,52,2
S1519,267,3,500,65,42,4
S1520,267,3,500,54,26,1
S1521,267,3,500,49,36,5
S1522,267,3,500,46,25,3
S1523,268,3,500,53,31,1
S1524,268,3,500,39,45,5
S1525,268,3,500,19,44,4
S1526,268,3,500,87,34,1
S1527,268,3,500,80,48,4
S1528,268,3,500,85,39,3
S1529,268,3,500,38,31,3
S1530,268,3,500,54,43,4
S1531,268,3,500,53,45,5
S1532,269,3,500,76,38,2
S1533,269,3,500,60,51,4
S1534,269,3,500,79,35,5
S1535,269,3,500,46,34,1
S1536,269,3,500,78,51,4
S1537,269,3,500,54,54,4
S1538,269,3,500,75,39,5
S1539,269,3,500,47,47,1
S1540,270,3,500,58,37,3
S1541,270,3,500,38,30,3
S1542,270,3,500,19,16,1
S1543,270,3,500,62,44,2
S1544,271,3,500,64,48,4
S1545,271,3,500,90,40,4
S1546,271,3,500,45,28,1
S1547,271,3,500,88,37,3
S1548,271,3,500,79,35,3
S1549,272,3,500,60,53,1
S1550,272,3,500,87,29,1
S1551,272,3,500,61,48,4
S1552,272,3,500,37,32,4
S1553,272,3,500,46,69,5
S1554,272,3,500,44,36,1
S1555,273,3,500,28,30,5
S1556,273,3,500,59,32,3
S1557,273,3,500,55,31,3
S1558,273,3,500,58,22,3
S1559,274,3,500,34,37,2
S1560,274,3,500,40,31,3
S1561,274,3,500,35,25,5
S1562,274,3,500,17,49,3
S1582,274,3,500,75,43,5
S1583,274,3,500,54,28,1
S1584,274,3,500,86,49,5
S1585,274,3,500,75,18,1
S1586,275,3,500,50,30,3
S1587,275,3,500,59,33,1
S1588,275,3,500,22,34,2
S1589,275,3,500,24,56,1
S1590,275,3,500,63,47,1
S1591,275,3,500,100,42,1
S1592,275,3,500,59,30,1
S1593,275,3,500,58,40,2
S1594,276,3,500,32,33,2
S1595,276,3,500,77,57,5
S1596,276,3,500,47,43,3
S1597,276,3,500,77,42,4
S1598,277,3,500,62,44,5
S1599,278,3,500,57,45,4
S1600,278,3,500,47,44,2
S1601,278,3,500,95,49,3
S1602,278,3,500,88,45,4
S1603,278,3,500,70,48,2
S1604,278,3,500,68,36,2
S1605,278,3,500,24,47,4
S1606,278,3,500,45,39,4
S1607,279,4,500,71,13,2
S1608,279,4,500,44,54,4
S1609,279,4,500,52,27,4
S1610,279,4,500,64,37,5
S1611,279,4,500,55,63,3
S1612,279,4,500,64,56,4
S1613,279,4,500,54,37,4
S1614,280,4,500,47,24,1
S1615,280,4,500,59,37,1
S1616,280,4,500,48,40,3
S1617,280,4,500,53,41,2
S1618,280,4,500,77,56,1
S1619,280,4,500,36,46,3
S1620,280,4,500,39,47,5
S1621,280,4,500,69,41,1
S1622,280,4,500,20,50,4
S1623,280,4,500,43,42,5
S1624,281,4,500,54,27,3
S1625,281,4,500,77,42,5
S1626,281,4,500,29,36,3
S1627,281,4,500,70,26,5
S1628,281,4,500,99,45,4
S1629,281,4,500,54,46,2
S1630,281,4,500,74,29,4
S1631,281,4,500,42,32,5
S1632,281,4,500,28,50,3
S1633,281,4,500,63,44,5
S1634,282,4,500,81,37,2
S1635,282,4,500,47,48,2
S1636,282,4,500,36,40,2
S1637,282,4,500,77,39,2
S1638,282,4,500,89,33,4
S1639,282,4,500,88,29,2
S1640,283,4,500,46,28,2
S1641,283,4,500,87,50,4
S1642,283,4,500,80,38,1
S1643,283,4,500,59,49,1
S1644,283,4,500,44,23,5
S1645,283,4,500,57,51,2
S1646,283,4,500,57,44,4
S1647,283,4,500,63,24,1
S1648,283,4,500,53,40,4
S1649,284,4,500,52,31,2
S1650,284,4,500,53,6,4
S1651,285,4,500,53,32,3
S1652,285,4,500,63,37,1
S1653,285,4,500,88,38,2
S1654,285,4,500,29,33,1
S1655,285,4,500,45,47,3
S1656,286,4,500,65,31,4
S1657,286,4,500,92,44,4
S1658,286,4,500,71,38,4
S1659,286,4,500,75,45,2
S1660,286,4,500,77,36,2
S1661,286,4,500,21,38,5
S1662,286,4,500,69,45,5
S1663,286,4,500,57,39,5
S1664,286,4,500,25,41,3
S1665,287,4,500,53,32,4
S1666,287,4,500,23,22,2
S1667,287,4,500,67,42,5
S1668,288,4,500,74,37,5
S1669,288,4,500,57,33,3
S1670,288,4,500,67,32,4
S1671,288,4,500,81,55,3
S1672,288,4,500,60,54,3
S1673,288,4,500,67,44,5
S1674,288,4,500,75,17,2
S1675,289,4,500,78,43,5
S1676,289,4,500,58,48,2
S1677,289,4,500,59,49,4
S1678,289,4,500,58,36,4
S1679,289,4,500,91,44,3
S1680,289,4,500,49,42,4
S1681,289,4,500,67,39,1
S1682,289,4,500,33,43,3
S1683,290,4,500,53,42,4
S1684,290,4,500,85,34,5
S1685,290,4,500,46,60,5
S1686,290,4,500,57,43,3
S1687,290,4,500,81,43,1
S1688,290,4,500,75,61,4
S1689,290,4,500,42,29,1
S1690,291,4,500,70,35,4
S1691,291,4,500,59,56,3
S1692,291,4,500,70,45,2
S1693,291,4,500,80,45,5
S1694,291,4,500,62,42,4
S1695,291,4,500,63,43,2
S1696,291,4,500,45,36,4
S1697,292,4,500,44,25,3
S1698,292,4,500,57,45,5
S1699,293,4,500,50,51,4
S1700,293,4,500,77,41,2
S1701,293,4,500,67,49,4
S1702,293,4,500,65,41,1
S1703,293,4,500,20,59,5
S1704,293,4,500,65,43,5
S1705,293,4,500,49,39,1
S1706,294,4,500,55,45,5
S1707,294,4,500,31,35,4
S1708,295,4,500,83,59,4
S1709,295,4,500,58,56,4
S1710,295,4,500,61,50,4
S1711,295,4,500,59,33,3
S1712,295,4,500,30,45,2
S1713,295,4,500,73,53,4
S1714,295,4,500,68,45,4
S1715,295,4,500,69,43,1
S1716,296,4,500,35,37,3
S1717,296,4,500,57,36,4
S1718,296,4,500,48,30,3
S1719,296,4,500,48,33,2
S1720,296,4,500,77,49,2
S1721,297,4,500,62,36,1
S1722,297,4,500,53,38,1
S1723,297,4,500,86,31,5
S1724,297,4,500,55,42,3
S1725,298,4,500,46,40,3
S1726,299,4,500,55,32,2
S1727,299,4,500,15,40,3
S1728,299,4,500,28,38,3
S1729,300,4,500,85,44,3
S1730,300,4,500,89,16,5
S1731,300,4,500,67,45,1
S1732,300,4,500,72,42,2
S1733,300,4,500,86,34,4
S1734,300,4,500,50,59,3
S1735,300,4,500,59,41,5
S1736,300,4,500,40,30,3
S1737,301,4,500,78,31,2
S1738,301,4,500,49,45,4
S1739,301,4,500,23,26,2
S1740,301,4,500,55,57,2
S1741,301,4,500,46,34,5
S1742,301,4,500,46,49,3
S1743,302,4,500,90,28,2
S1744,302,4,500,32,14,4
S1745,302,4,500,42,35,4
S1746,303,4,500,70,37,3
S1747,303,4,500,78,34,5
S1748,303,4,500,70,30,5
S1749,303,4,500,69,41,1
S1750,303,4,500,40,31,4
S1751,303,4,500,64,41,5
S1752,303,4,500,39,48,1
S1753,303,4,500,68,28,4
S1754,304,4,500,57,56,1
S1755,304,4,500,34,52,1
S1756,304,4,500,35,29,1
S1757,304,4,500,57,40,3
S1758,304,4,500,59,39,3
S1759,304,4,500,42,46,5
S1760,304,4,500,80,25,2
S1761,304,4,500,68,29,5
S1762,305,4,500,74,34,4
S1763,305,4,500,28,29,3
S1764,305,4,500,85,56,2
S1765,305,4,500,85,51,4
S1766,305,4,500,69,43,5
S1767,306,4,500,17,36,4
S1768,306,4,500,33,41,4
S1769,306,4,500,49,35,3
S1770,306,4,500,86,43,1
S1771,306,4,500,26,51,5
S1772,306,4,500,65,25,4
S1773,306,4,500,54,34,5
S1774,307,4,500,84,25,4
S1775,307,4,500,59,55,1
S1776,307,4,500,100,56,2
S1777,308,4,500,64,46,5
S1778,308,4,500,50,43,3
S1779,308,4,500,51,38,1
S1780,308,4,500,34,39,4
S1781,308,4,500,75,32,5
S1782,308,4,500,57,29,1
S1783,308,4,500,34,37,4
S1784,308,4,500,44,39,4
S1785,309,4,500,59,33,5
S1786,309,4,500,34,46,5
S1787,310,4,500,90,29,2
S1788,310,4,500,70,49,5
S1789,310,4,500,42,23,1
S1790,310,4,500,62,30,1
S1791,310,4,500,49,29,2
S1792,310,4,500,70,48,4
S1793,310,4,500,55,26,3
S1794,310,4,500,97,33,4
S1795,310,4,500,46,27,4
S1796,311,4,500,55,46,2
S1797,311,4,500,61,46,1
S1798,311,4,500,89,40,3
S1799,311,4,500,54,42,1
S1800,311,4,500,88,29,3
S1801,311,4,500,43,32,4
S1802,311,4,500,51,29,4
S1803,311,4,500,65,27,3
S1804,311,4,500,56,27,5
S1805,312,4,500,34,52,1
S1806,313,4,500,41,47,2
S1807,313,4,500,30,38,1
S1808,313,4,500,89,34,2
S1809,313,4,500,72,39,2
S1810,313,4,500,56,43,5
S1811,313,4,500,37,46,5
S1812,313,4,500,77,25,2
S1813,313,4,500,53,26,3
S1814,313,4,500,69,47,4
S1815,313,4,500,25,29,3
S1816,314,4,500,57,47,3
S1817,314,4,500,61,43,2
S1818,314,4,500,26,54,5
S1819,314,4,500,44,42,1
S1820,314,4,500,49,54,1
S1821,314,4,500,78,58,3
S1822,314,4,500,69,44,1
S1823,314,4,500,51,41,1
S1824,315,4,500,92,37,2
S1825,315,4,500,48,27,3
S1826,315,4,500,51,27,4
S1827,315,4,500,55,54,3
S1828,315,4,500,58,53,1
S1829,315,4,500,78,36,5
S1830,315,4,500,64,47,5
S1831,315,4,500,58,26,4
S1832,316,4,500,51,30,2
S1833,316,4,500,43,45,4
S1834,316,4,500,53,19,2
S1835,316,4,500,86,31,3
S1836,316,4,500,50,43,2
S1837,316,4,500,41,40,5
S1838,316,4,500,55,37,2
S1839,317,4,500,54,38,2
S1840,317,4,500,17,35,4
S1841,317,4,500,62,34,2
S1842,317,4,500,52,50,2
S1843,317,4,500,68,55,3
S1844,317,4,500,89,36,1
S1845,317,4,500,64,41,2
S1846,317,4,500,43,57,2
S1847,317,4,500,66,48,3
S1848,317,4,500,51,40,4
S1849,318,4,500,33,27,2
S1850,318,4,500,86,53,2
S1851,318,4,500,69,32,4
S1852,318,4,500,78,41,1
S1853,318,4,500,60,33,2
S1854,318,4,500,67,30,4
S1855,318,4,500,60,34,4
S1856,318,4,500,48,40,4
S1857,318,4,500,61,16,4
S1858,319,4,500,54,24,1
S1859,319,4,500,56,15,5
S1860,319,4,500,43,26,4
S1861,319,4,500,55,43,3
S1862,319,4,500,55,42,1
S1863,319,4,500,46,34,5
S1864,319,4,500,73,49,1
S1865,319,4,500,68,46,3
S1866,319,4,500,76,55,1
S1867,320,4,500,59,52,1
S1868,320,4,500,67,60,1
S1869,320,4,500,73,44,3
S1870,321,4,500,86,52,5
S1871,321,4,500,26,29,3
S1872,321,4,500,24,49,2
S1873,321,4,500,59,31,1
S1874,321,4,500,84,30,4
S1875,321,4,500,45,40,3
S1876,321,4,500,57,47,4
S1877,321,4,500,37,67,4
S1878,321,4,500,49,38,1
S1879,321,4,500,80,62,1
S1880,322,4,500,55,46,5
S1881,322,4,500,31,38,4
S1882,322,4,500,67,45,4
S1883,322,4,500,72,33,2
S1884,323,4,500,73,30,5
S1885,324,4,500,53,42,4
S1886,324,4,500,38,24,5
S1887,325,4,500,58,24,1
S1888,325,4,500,62,28,5
S1889,326,4,500,48,34,2
S1890,326,4,500,49,32,5
S1891,326,4,500,37,49,1
S1892,326,4,500,98,44,4
S1893,326,4,500,76,48,4
S1894,326,4,500,95,32,3
S1895,326,4,500,56,43,3
S1896,326,4,500,47,38,2
S1897,326,4,500,39,25,3
S1898,327,4,500,70,32,5
S1899,327,4,500,31,47,5
S1900,327,4,500,75,40,5
S1901,327,4,500,73,35,4
S1902,327,4,500,96,45,1
S1903,327,4,500,87,36,4
S1904,327,4,500,47,18,3
S1905,328,4,500,44,45,5
S1906,328,4,500,71,28,5
S1907,328,4,500,87,47,2
S1908,328,4,500,45,47,2
S1909,328,4,500,49,41,2
S1910,328,4,500,30,41,1
S1911,328,4,500,38,28,3
S1912,328,4,500,70,38,4
S1913,328,4,500,84,34,5
S1914,328,4,500,24,36,5
S1915,329,4,500,28,39,4
S1916,329,4,500,38,46,3
S1917,329,4,500,73,33,2
S1918,329,4,500,49,38,2
S1919,330,4,500,67,32,4
S1920,330,4,500,61,33,3
S1921,330,4,500,30,42,2
S1922,330,4,500,75,44,5
S1923,330,4,500,50,50,4
S1924,330,4,500,32,45,4
S1925,330,4,500,80,42,4
S1926,330,4,500,49,45,1
S1927,331,4,500,45,38,1
S1928,331,4,500,48,37,1
S1929,331,4,500,30,31,3
S1930,331,4,500,84,39,4
S1931,331,4,500,61,44,4
S1932,332,4,500,66,42,2
S1952,332,4,500,94,38,5
S1953,332,4,500,68,30,4
S1954,332,4,500,71,40,1
S1955,332,4,500,34,50,1
S1956,333,4,500,62,23,2
S1957,333,4,500,78,52,3
S1958,333,4,500,43,34,1
S1959,333,4,500,33,42,1
S1960,333,4,500,89,40,2
S1961,333,4,500,77,45,2
S1962,333,4,500,56,27,2
S1963,334,4,500,75,38,5
S1964,334,4,500,69,49,2
S1965,334,4,500,62,29,2
S1966,335,4,500,48,32,3
S1967,336,4,500,60,24,2
S1968,336,4,500,58,51,4
S1969,336,4,500,64,46,5
S1970,336,4,500,31,50,2
S1971,336,4,500,37,48,2
S1972,336,4,500,52,55,5
S1973,337,4,500,72,41,4
S1974,337,4,500,63,48,2
S1975,337,4,500,100,61,2
S1976,337,4,500,39,27,1
S1977,337,4,500,55,37,5
S1978,337,4,500,59,31,2
S1979,337,4,500,60,29,1
S1980,337,4,500,48,58,3
S1981,338,4,500,76,45,1
S1982,338,4,500,83,51,5
S1983,338,4,500,76,25,4
S1984,338,4,500,69,36,4
S1985,338,4,500,93,40,2
S1986,338,4,500,62,33,3
S1987,338,4,500,51,19,5
S1988,339,4,500,72,40,5
S1989,340,4,500,24,32,1
S1990,340,4,500,68,38,3
S1991,340,4,500,44,41,1
S1992,340,4,500,44,50,4
S1993,340,4,500,66,25,1
S1994,340,4,500,62,34,2
S1995,340,4,500,58,33,2
S1996,340,4,500,76,58,5
S1997,340,4,500,66,37,1
S1998,341,4,500,48,37,1
S1999,341,4,500,27,37,1
S2000,341,4,500,71,60,4
S2001,342,4,500,50,45,2
S2002,342,4,500,91,44,1
S2003,343,4,500,62,47,2
S2004,343,4,500,72,36,2
S2005,343,4,500,44,39,1
S2006,343,4,500,41,43,1
S2007,343,4,500,80,34,2
S2008,344,4,500,56,52,2
S2009,344,4,500,76,26,1
S2010,345,4,500,70,37,2
S2011,345,4,500,37,45,3
S2012,345,4,500,67,24,2
S2013,345,4,500,73,26,5
S2014,345,4,500,72,37,1
S2015,346,4,500,54,31,2
S2016,346,4,500,92,38,2
S2017,347,4,500,87,34,4
S2018,347,4,500,88,45,2
S2019,347,4,500,89,35,5
S2020,347,4,500,46,30,2
S2021,347,4,500,56,37,5
S2022,348,4,500,63,43,2
S2023,348,4,500,69,42,5
S2024,348,4,500,88,15,4
S2025,348,4,500,32,40,1
S2026,348,4,500,50,42,1
S2027,348,4,500,42,45,4
S2028,348,4,500,38,22,3
S2029,348,4,500,59,31,2
S2030,348,4,500,100,32,4
S2031,349,4,500,39,41,4
S2032,349,4,500,97,23,3
S2033,349,4,500,79,39,4
S2034,349,4,500,51,21,4
S2035,350,4,500,50,36,5
S2036,350,4,500,95,46,3
S2037,350,4,500,60,23,4
S2038,351,4,500,68,31,5
S2039,352,4,500,65,43,1
S2040,352,4,500,45,32,5
S2041,352,4,500,59,21,2
S2042,352,4,500,56,44,1
S2043,352,4,500,76,37,3
S2044,352,4,500,38,44,3
S2045,353,4,500,66,27,4
S2046,353,4,500,53,30,2
S2047,353,4,500,76,42,5
S2048,353,4,500,75,45,2
S2049,354,4,500,74,34,1
S2050,354,4,500,85,40,5
S2051,354,4,500,34,42,1
S2052,355,4,500,50,55,3
S2053,356,4,500,70,50,2
S2054,356,4,500,27,42,1
S2055,356,4,500,75,44,3
S2056,356,4,500,82,39,2
S2057,356,4,500,60,33,3
S2058,356,4,500,68,30,2
S2059,356,4,500,32,34,3
S2060,356,4,500,67,30,1
S2061,356,4,500,94,40,2
S2062,357,4,500,58,41,4
S2063,357,4,500,95,33,3
S2064,357,4,500,51,33,1
S2065,357,4,500,74,39,3
S2066,357,4,500,23,45,3
S2067,357,4,500,38,47,3
S2068,357,4,500,50,31,5
S2069,357,4,500,66,31,4
S2070,358,4,500,64,38,2
S2071,358,4,500,46,35,1
S2072,358,4,500,39,41,5
S2073,358,4,500,37,42,1
S2074,358,4,500,33,34,3
S2075,358,4,500,63,35,4
S2076,359,4,500,52,38,3
S2077,359,4,500,50,44,3
S2078,359,4,500,54,40,2
S2079,360,4,500,54,45,4
S2080,360,4,500,90,37,4
S2081,360,4,500,81,50,5
S2082,360,4,500,70,46,4
S2083,360,4,500,89,29,3
S2084,360,4,500,21,51,2
S2085,360,4,500,34,43,1
S2086,361,4,500,71,22,3
S2087,362,4,500,54,40,1
S2088,362,4,500,38,27,2
S2089,362,4,500,73,50,1
S2090,362,4,500,68,48,1
S2091,362,4,500,65,29,2
S2092,362,4,500,35,39,4
S2093,362,4,500,61,37,4
S2094,363,4,500,43,37,5
S2095,363,4,500,77,29,5
S2096,363,4,500,58,46,3
S2097,363,4,500,41,39,5
S2098,363,4,500,41,24,3
S2099,363,4,500,23,26,5
S2100,363,4,500,93,52,3
S2101,363,4,500,82,44,4
S2102,364,4,500,50,33,2
S2103,364,4,500,49,33,1
S2104,364,4,500,61,57,3
S2105,364,4,500,18,29,5
S2106,364,4,500,40,42,3
S2107,365,4,500,67,59,1
S2108,365,4,500,67,50,3
S2109,365,4,500,65,52,5
S2110,365,4,500,75,44,3
S2111,366,4,500,86,34,1
S2112,366,4,500,48,55,4
S2113,366,4,500,74,28,2
S2114,366,4,500,58,52,5
S2115,366,4,500,65,38,5
S2116,366,4,500,69,42,3
S2117,366,4,500,21,34,3
S2118,367,4,500,45,28,2
S2119,367,4,500,82,44,4
S2120,367,4,500,54,49,5
S2121,367,4,500,91,47,1
S2122,368,4,500,76,53,1
S2123,368,4,500,73,40,4
S2124,368,4,500,83,40,2
S2125,368,4,500,85,43,1
